5.964	5.416	5.844	5.873	5.619	5.703	5.588	5.67	5.397	5.737	6.007	5.221	5.582	5.531	6.154	6.119	6.02	5.617	5.894	5.582
4.691	5.152	4.703	4.851	4.804	4.236	4.686	4.225	4.991	4.665	4.525	4.165	4.542	4.95	4.571	4.006	4.278	4.266	4.738	4.577
4.146	4.681	4.373	4.126	4.138	4.132	4.505	4.093	4.631	4.166	4.354	4.55	4.949	4.291	4.723	4.868	4.713	4.652	4.571	4.25
4.96	4.815	4.286	4.768	4.076	4.596	4.618	4.046	4.058	4.266	4.566	5.331	5.31	5.193	6.048	5.863	5.303	4.853	5.0	5.002
5.85	6.834	6.253	6.564	5.833	5.907	5.805	5.42	5.548	6.37	6.316	6.579	6.0	6.356	6.868	6.235	6.79	7.18	5.921	6.321
3.327	3.84	3.632	4.061	3.631	4.085	3.403	3.583	3.743	3.879	2.621	3.206	2.494	2.66	3.594	3.63	3.257	2.684	2.698	2.977
-6.665	-6.665	-4.97	-6.665	-6.665	-6.665	-6.665	-6.665	-6.665	-6.665	-6.665	-6.665	-6.665	-6.665	-3.567	-6.665	-6.665	-6.665	-6.665	-6.665
3.932	4.429	3.722	4.336	4.533	3.967	4.262	4.248	4.646	4.218	4.413	4.488	4.511	3.875	4.525	4.433	4.307	4.0	4.092	4.027
2.539	4.004	1.703	3.814	2.835	2.5	2.899	2.191	3.334	1.472	5.087	3.502	4.642	3.931	4.207	2.023	5.125	4.439	4.786	4.716
-6.665	-6.665	-6.665	-6.665	-6.665	-6.665	-6.665	-6.665	-4.285	-6.665	-6.665	-6.665	-6.665	-6.665	-6.665	-6.665	-6.665	-6.665	-6.665	-4.216
0.377	-2.311	-3.648	-2.291	-2.661	-2.358	-0.48	-1.96	-2.87	-4.427	-1.44	-3.194	-0.904	-1.876	-2.43	-2.8	-2.572	-2.507	-2.306	-0.847
5.832	5.305	5.872	5.665	5.683	5.741	5.501	6.07	5.841	6.009	5.448	5.383	5.305	5.461	5.741	6.166	5.737	5.395	5.848	5.18
6.242	6.257	6.605	6.403	6.374	5.893	6.471	6.549	6.64	6.776	5.803	5.99	6.089	6.304	5.701	6.51	6.181	6.351	6.127	6.003
0.411	-0.345	0.645	0.275	0.076	0.625	0.332	0.975	0.802	-0.257	-0.295	-0.001	0.719	-0.357	1.783	0.867	0.178	0.01	0.038	-0.631
4.319	4.489	4.048	4.509	3.384	3.957	3.431	4.335	3.429	3.981	2.927	4.347	3.117	2.717	4.263	4.421	3.406	3.69	3.447	3.354
4.631	5.27	5.394	5.17	5.444	5.138	4.734	5.553	5.493	5.803	4.608	4.599	5.267	5.283	4.864	5.133	4.626	4.781	4.71	4.606
7.111	6.835	5.868	6.138	5.948	6.879	6.858	5.759	5.978	6.195	6.628	6.86	7.042	6.747	7.046	6.942	7.013	6.71	6.904	6.984
6.067	6.517	6.035	6.41	6.236	6.264	6.27	6.348	5.625	6.423	5.728	6.371	5.398	6.189	5.549	5.628	6.121	6.407	5.922	5.996
4.338	4.393	2.581	4.516	2.806	3.511	4.796	2.46	2.809	2.889	4.113	3.208	2.634	6.934	6.087	3.824	2.734	3.732	5.396	4.019
3.072	3.198	2.821	2.532	2.505	3.053	2.399	3.233	3.028	3.025	2.705	2.947	1.763	2.431	1.892	1.755	2.399	2.565	2.399	2.479
5.142	5.221	5.701	6.249	5.805	6.448	6.073	5.417	5.982	5.874	5.84	6.482	6.503	6.34	5.83	6.399	6.059	6.066	5.919	6.223
4.658	3.465	3.313	3.275	3.347	3.291	4.172	3.737	3.468	4.485	2.808	3.059	3.134	4.275	5.653	2.812	3.338	2.599	3.435	4.209
8.636	8.845	8.937	8.967	8.692	9.372	8.493	8.817	9.457	9.092	9.525	8.813	8.442	9.87	9.09	8.894	9.204	9.481	9.299	8.829
5.056	4.392	4.852	4.861	4.324	5.021	4.682	5.098	5.36	4.499	4.312	4.953	4.574	4.087	3.771	4.385	5.092	4.494	4.322	4.336
5.843	3.582	2.894	3.917	4.841	4.059	5.265	2.476	4.253	3.081	3.765	2.953	4.924	6.441	2.626	3.815	3.695	4.019	3.358	4.587
-1.074	3.271	2.165	-0.904	2.849	-0.911	-0.357	1.102	1.918	-0.764	-0.933	0.302	4.197	0.945	3.632	-0.598	1.613	0.3	-0.721	0.94
5.45	5.366	5.771	5.685	5.789	5.153	5.36	4.584	5.41	5.759	4.852	5.521	5.891	5.899	5.284	5.433	5.332	5.789	5.485	5.475
6.495	6.866	6.755	6.572	6.352	6.473	6.394	6.52	6.085	6.833	6.118	6.572	5.285	6.687	5.88	6.827	5.946	6.582	6.461	5.926
0.8	-0.449	-6.665	-3.184	-6.665	-6.665	-0.927	-4.463	-0.198	1.188	-2.688	-3.679	-2.654	-3.461	3.102	-6.665	-2.031	-1.443	-2.421	0.221
6.047	5.081	5.658	5.978	5.605	5.727	6.113	5.528	5.936	5.643	5.587	5.838	6.363	5.72	5.839	5.782	5.54	5.581	5.813	6.009
2.253	0.93	1.577	1.891	0.897	1.549	2.79	0.68	2.013	2.044	3.392	4.164	2.955	4.362	0.65	-0.168	3.005	3.364	4.408	3.463
3.3	2.974	2.645	2.706	2.677	2.937	2.793	2.877	2.228	2.931	2.497	2.021	1.58	1.627	2.325	2.231	2.051	1.691	1.901	1.769
-6.665	-6.665	-6.665	-6.665	-6.665	-6.665	-6.665	-6.665	-6.665	-3.69	-6.665	-6.665	-6.665	-2.082	-6.665	-6.665	-4.446	-6.665	-6.665	-6.665
5.411	4.508	5.82	5.333	5.184	4.57	5.06	5.098	6.007	5.634	4.977	5.59	5.954	5.854	7.167	6.741	5.099	5.282	5.006	5.403
4.633	2.472	2.085	0.257	1.629	3.451	3.955	-1.293	2.788	1.168	4.5	5.176	2.081	4.322	2.928	1.928	5.128	4.804	4.557	4.756
3.759	3.374	3.641	4.774	4.377	3.756	4.163	2.526	4.584	4.713	3.918	2.664	3.639	6.716	5.724	3.439	3.131	5.977	3.586	4.25
-4.981	-6.665	-4.97	-4.406	-3.023	-4.818	-4.972	-6.665	-6.665	-6.665	-6.665	-6.665	-6.665	-3.783	-6.665	-3.8	-4.446	-3.645	-3.421	-4.216
6.636	5.859	6.64	6.004	6.315	6.579	5.885	6.468	6.673	6.837	5.928	5.761	6.317	5.911	6.704	6.466	6.025	5.562	6.239	5.54
-1.981	-1.963	-1.882	-2.406	1.214	-2.117	-1.328	-0.003	0.359	-0.552	-2.228	-1.914	-1.944	-0.357	2.722	1.992	-1.861	-6.665	-1.547	-0.994
4.268	4.59	4.876	4.605	4.49	4.626	4.486	3.729	4.967	4.905	4.253	3.728	4.66	4.173	4.329	4.466	4.6	4.248	4.725	4.328
5.12	5.413	5.19	5.632	5.369	5.288	5.193	5.012	5.439	5.308	5.39	5.468	5.278	5.437	5.468	5.927	5.369	5.731	5.004	5.056
4.826	6.807	5.642	4.311	5.351	4.1	3.564	4.687	5.075	5.551	3.312	3.369	3.298	1.272	4.283	3.533	2.9	3.491	4.797	3.276
-2.811	-3.449	-1.269	-1.406	-1.831	-2.01	-2.387	-1.19	-0.7	-1.69	-0.781	-1.914	-0.688	-2.198	-1.366	-1.478	-2.124	-3.967	-1.362	-1.994
3.963	4.611	4.235	3.961	3.85	4.107	4.169	4.205	4.245	4.107	4.71	3.585	4.159	4.343	4.67	3.446	4.703	4.792	4.047	4.59
5.405	5.917	6.792	7.504	6.952	7.191	6.702	7.031	6.552	6.993	7.796	7.285	6.456	8.978	7.079	7.788	7.055	8.513	7.806	7.704
1.052	0.984	1.334	1.743	1.015	0.205	0.797	0.122	0.95	0.431	0.755	0.408	1.681	2.16	2.677	1.785	0.839	0.706	1.462	1.199
4.015	4.906	4.809	5.143	4.412	4.152	4.531	5.321	5.073	4.935	4.055	4.469	4.42	3.703	6.316	4.646	4.77	4.741	4.656	3.832
6.497	5.742	7.599	6.635	7.001	6.613	6.759	7.312	7.379	7.336	5.933	6.085	5.47	5.117	5.909	6.95	5.579	5.218	5.497	5.948
-0.457	-2.963	-1.882	0.963	-1.371	-3.01	-0.512	-2.347	-1.7	-1.368	-3.366	-1.246	-3.306	-3.783	-3.889	-3.8	-6.665	-3.382	-3.421	-2.101
1.55	-0.817	1.937	-0.634	2.288	0.205	0.583	-0.347	-0.316	1.044	2.026	-0.792	1.508	0.521	1.349	0.673	-0.746	0.633	1.652	0.428
5.759	5.779	5.8	5.378	5.52	5.554	5.617	5.664	5.199	5.685	5.336	5.876	5.758	4.922	5.541	5.542	5.461	5.342	5.724	5.253
-6.665	-6.665	-6.665	-6.665	-6.665	-6.665	-6.665	-6.665	-6.665	-6.665	-1.044	-6.665	-6.665	-4.198	-6.665	-6.665	-4.446	-6.665	-6.665	-3.216
4.22	5.101	3.425	4.095	3.735	3.793	4.116	3.476	3.707	3.846	4.178	4.136	4.154	4.747	4.571	3.175	4.739	4.397	4.194	4.236
1.706	1.16	1.107	1.492	1.278	1.002	0.959	1.31	1.33	1.198	1.705	1.128	1.337	1.575	1.359	1.329	2.024	1.3	1.298	0.769
6.706	7.019	6.389	6.569	5.697	6.543	6.484	6.051	5.606	6.639	6.53	7.14	5.902	6.472	6.126	6.708	6.782	6.897	7.035	6.263
7.863	7.805	6.883	6.832	6.362	7.971	7.294	6.906	6.767	6.888	7.802	7.618	7.524	6.293	7.647	6.994	7.832	7.385	7.284	7.359
4.254	4.864	5.007	4.737	4.951	4.387	4.321	4.3	4.209	4.917	4.042	4.797	4.228	4.397	4.559	4.649	4.329	4.653	4.788	3.978
-2.396	-0.311	-3.97	-2.821	-2.831	-1.648	-2.164	-2.726	-0.87	-2.311	-1.518	-1.358	-0.904	-2.613	0.017	-2.537	-1.031	-1.719	-1.421	-2.479
-1.28	-0.683	-2.51	-1.037	-0.187	-2.117	-0.927	-2.726	-1.963	-0.924	-1.518	-1.194	-1.256	-1.783	-1.031	-1.598	-0.359	-1.266	-0.362	-0.994
5.714	4.553	5.039	5.362	5.43	5.094	6.064	5.61	4.729	5.311	7.098	4.76	5.061	6.396	5.5	5.643	5.281	5.834	5.819	6.402
5.09	4.987	4.602	5.631	5.498	3.999	5.663	4.351	4.746	3.988	5.686	4.812	4.076	6.644	4.525	4.077	4.903	4.579	5.175	5.962
5.626	6.558	4.835	5.344	5.018	5.878	5.031	6.833	5.304	5.765	4.715	4.7	3.899	2.561	5.252	5.644	4.253	3.511	5.483	4.931
-2.28	-2.963	-1.215	-3.669	-1.13	-4.233	-0.65	-0.524	-2.285	-1.842	-4.103	-3.001	0.261	-2.976	-3.889	0.218	-2.224	-2.797	-1.836	-1.216
3.241	1.496	0.405	1.418	-0.187	1.642	2.95	0.181	1.885	-0.057	3.173	1.706	1.607	1.741	0.088	1.191	3.106	2.476	2.474	3.413
-0.852	0.112	-0.297	0.623	-0.187	-0.73	-0.512	-3.463	-1.285	-1.488	0.705	0.107	3.755	1.075	1.578	-0.874	2.139	1.426	-1.006	0.885
4.708	3.999	5.177	4.891	4.512	5.405	4.963	4.338	4.45	4.513	5.383	5.142	5.168	4.694	5.084	5.345	5.595	5.315	4.973	4.832
-4.981	1.761	-3.648	0.096	-3.023	-2.117	0.218	-3.463	-1.963	-1.764	-1.295	-2.001	-1.654	2.148	2.16	-2.421	-2.331	-0.797	-2.006	-1.342
-6.665	-6.665	-4.385	-3.669	2.267	-6.665	-6.665	-2.347	-3.87	-5.012	-4.103	-6.665	-6.665	-6.665	-4.304	-4.537	-6.665	-6.665	-6.665	-3.479
2.67	2.404	3.016	2.48	2.04	2.362	2.105	2.491	2.888	2.46	2.522	1.685	2.952	1.436	2.459	2.275	2.188	1.734	1.533	1.006
1.794	-0.247	-1.882	0.075	-0.831	-2.648	1.395	-2.347	0.196	-1.764	-1.44	-1.143	-0.559	3.2	-1.497	-0.993	-1.944	-1.159	-1.758	0.153
7.296	7.559	7.216	7.438	6.872	7.061	6.973	6.879	7.221	7.389	6.741	6.638	6.601	7.565	6.329	7.031	7.011	7.294	6.676	6.831
6.662	7.003	6.774	6.882	6.293	6.768	6.468	6.548	6.457	6.891	5.673	6.34	5.922	5.479	6.902	6.824	5.932	6.092	5.811	6.08
6.61	6.785	6.449	6.904	6.296	6.298	6.487	6.548	6.573	6.892	6.468	6.585	6.125	6.799	6.689	6.86	6.365	7.005	6.204	6.45
-6.665	-4.186	-6.665	-6.665	-6.665	-6.665	-6.665	-5.048	-6.665	-6.665	-6.665	-6.665	-6.665	-6.665	-6.665	-6.665	-6.665	-6.665	-6.665	-6.665
-3.659	-2.601	-0.385	-2.291	-1.583	-4.818	-1.802	-2.463	-0.585	-2.311	-1.518	-3.679	-3.306	1.417	-2.304	0.182	-4.031	-1.967	-4.421	-1.479
4.224	4.996	4.385	5.305	4.348	4.779	4.609	4.574	4.627	4.579	4.059	4.343	3.429	4.693	4.019	4.18	3.805	4.313	3.867	4.355
5.874	4.702	5.707	4.67	6.0	4.036	6.983	3.217	3.836	4.247	6.459	4.816	3.939	5.063	2.898	4.549	5.89	5.369	6.55	6.493
6.443	6.634	6.527	6.551	6.886	6.198	6.564	6.469	6.868	6.36	6.771	6.447	6.83	6.867	6.303	6.316	6.541	6.21	6.55	6.644
1.074	0.16	0.439	1.916	3.018	-0.233	1.988	-1.347	1.556	-0.924	1.219	-0.753	0.931	2.446	-1.304	1.173	-0.359	0.355	0.877	1.761
0.72	-1.523	-6.665	-4.406	-6.665	-3.233	-2.387	-6.665	-4.285	-6.665	-4.103	-3.194	-6.665	-2.613	-6.665	-3.314	-2.709	-6.665	-3.006	-0.672
5.131	5.211	4.561	4.971	3.972	4.998	4.785	4.641	4.46	4.809	4.519	4.625	3.951	4.859	5.053	5.083	4.669	4.513	4.23	4.293
4.579	3.51	3.613	2.903	3.249	3.876	3.203	3.99	4.506	3.524	2.717	2.915	1.144	1.627	2.441	1.884	2.3	2.3	3.309	2.484
3.201	3.749	3.394	3.849	3.164	4.042	3.436	3.556	3.254	3.346	2.89	3.735	2.971	3.115	2.825	4.361	3.078	2.847	2.836	3.774
7.836	7.13	4.297	4.865	3.901	7.891	7.59	6.297	4.923	5.933	5.908	6.789	3.423	5.154	6.96	5.541	6.731	6.179	6.295	5.156
4.084	4.442	4.095	3.714	3.962	4.032	3.45	4.002	4.232	4.112	3.497	3.462	3.677	3.253	3.875	3.498	3.491	3.785	3.875	3.493
3.779	3.335	2.844	3.594	2.989	3.337	3.602	2.886	2.834	2.871	3.365	2.938	3.718	4.686	4.531	3.616	3.77	3.553	2.922	3.964
3.428	2.95	3.802	3.433	3.697	3.185	3.045	3.55	4.504	3.161	3.047	2.289	3.39	3.012	3.216	3.522	2.966	2.765	2.877	3.094
4.602	5.057	4.906	4.933	4.536	4.838	4.378	4.641	4.922	5.072	4.962	4.474	4.506	4.101	5.101	5.13	5.474	4.935	4.854	4.504
4.05	3.441	3.492	3.993	3.806	3.449	3.938	3.625	3.554	3.547	3.83	4.003	3.204	3.923	4.87	3.917	3.638	3.319	2.966	3.734
1.169	0.569	-4.385	-2.669	-0.103	-0.117	0.094	-1.463	-0.255	-1.257	1.82	3.367	-0.048	-1.391	-2.082	3.796	0.236	0.476	3.073	2.057
5.362	4.868	5.281	5.771	5.732	5.286	5.379	5.08	5.48	5.294	5.023	5.448	4.672	5.27	4.495	5.224	5.04	5.231	4.343	5.916
3.379	3.639	4.085	5.419	4.178	3.741	4.809	4.121	3.915	3.906	4.394	4.021	6.065	5.258	2.845	3.87	3.913	5.09	4.156	4.843
-6.665	-6.665	2.581	-3.184	0.299	-3.496	2.632	1.859	1.837	2.278	-6.665	-0.609	-4.529	-6.665	-1.567	0.987	-3.446	-6.665	-6.665	-0.409
8.129	8.121	8.02	8.356	8.176	7.866	7.846	8.808	8.46	8.532	7.81	8.02	7.05	9.171	6.517	7.222	7.771	8.26	7.638	7.676
5.196	5.305	4.747	4.75	4.903	5.208	5.264	4.846	4.932	4.59	4.627	5.078	4.873	4.535	4.928	4.983	4.694	4.526	4.839	5.114
-6.665	-6.665	-6.665	-6.665	-6.665	-6.665	-6.665	-6.665	-6.665	-6.665	-6.665	-6.665	-6.665	-6.665	-6.665	-6.665	-6.665	-6.665	-6.665	-6.665
7.047	6.823	7.162	7.125	6.841	7.442	7.157	7.147	7.003	7.425	7.074	7.244	6.296	7.061	6.417	6.298	7.101	7.001	7.143	6.78
4.351	2.374	3.594	3.466	3.079	3.564	3.316	3.412	3.816	3.63	3.8	2.646	3.842	3.278	3.65	3.454	2.858	3.213	3.609	3.685
5.003	3.282	5.139	4.67	3.842	5.896	5.031	4.766	4.648	5.149	4.8	4.779	6.336	4.923	4.496	5.501	4.943	5.731	5.343	5.278
5.711	4.86	4.64	4.378	4.3	5.292	5.278	2.76	4.838	4.525	5.25	5.624	5.448	4.287	3.833	3.552	4.458	4.77	5.978	5.741
6.738	5.869	5.558	5.54	5.534	5.832	6.191	5.642	5.914	5.716	5.834	5.786	5.45	5.207	5.404	5.019	5.459	5.207	5.795	5.821
4.795	3.749	4.507	4.498	3.843	4.64	3.926	4.151	4.538	3.935	4.588	4.777	4.897	2.921	4.613	5.418	4.436	3.877	4.582	4.309
2.677	2.764	2.837	2.357	2.88	2.741	2.045	2.813	3.209	2.931	1.026	1.408	0.41	-0.425	0.57	-0.537	0.236	1.618	2.356	1.032
5.269	3.782	2.569	3.78	3.41	3.317	4.888	2.582	2.994	2.264	4.958	3.58	3.801	4.735	2.751	3.681	4.136	3.622	3.691	5.17
-0.733	-3.449	-4.385	-6.665	-3.023	-3.01	-3.65	-6.665	-2.7	-6.665	-3.366	-2.831	-1.721	-6.665	-2.304	-3.314	-6.665	-6.665	-0.962	-3.479
4.026	-0.186	5.104	3.104	-3.246	4.262	4.453	0.707	4.701	3.731	4.155	4.235	1.076	4.497	4.831	6.019	5.785	4.868	5.45	2.428
-3.981	-4.771	-2.8	-4.406	-3.831	-4.818	-3.387	-5.048	-6.665	-4.427	-2.366	-4.001	-2.944	-1.613	-4.304	-4.122	-6.665	-4.382	-6.665	-4.801
6.8	6.917	7.233	7.06	7.041	7.175	6.714	7.343	7.692	7.376	7.545	6.803	6.717	6.547	6.725	6.521	6.711	6.735	6.829	6.89
6.583	7.184	6.416	6.658	6.602	6.162	6.228	6.242	6.804	5.688	6.58	6.594	6.135	6.806	6.667	6.846	6.767	6.828	6.726	6.341
-1.457	-2.601	0.259	1.208	1.579	0.352	0.874	0.292	1.249	0.632	0.579	0.929	1.287	1.709	-0.845	1.736	-0.331	1.618	1.762	1.408
0.478	1.56	2.596	2.556	2.04	-0.01	0.568	1.667	1.844	2.033	2.602	1.265	1.386	3.713	0.696	0.182	2.277	3.252	2.194	1.466
4.522	4.487	4.619	5.035	4.89	4.809	4.645	4.447	4.781	4.783	4.352	4.294	4.441	4.521	4.987	4.829	4.339	4.207	3.85	4.166
-6.665	-6.665	-3.97	-1.904	-3.246	-6.665	-4.387	-2.463	-6.665	-1.764	-6.665	-6.665	-2.207	-6.665	-1.719	-3.8	-6.665	-6.665	-6.665	-6.665
3.08	2.709	4.623	4.518	4.337	3.083	4.082	5.491	4.651	4.803	3.577	3.664	4.485	5.453	3.201	4.139	4.236	4.919	4.576	3.43
2.754	3.112	3.036	2.702	2.6	2.259	2.636	2.766	3.456	2.022	2.867	2.767	2.448	2.47	3.149	2.733	2.606	2.252	2.87	2.461
-6.665	-2.963	-3.385	-6.665	-6.665	-4.233	-4.387	-4.463	-4.285	-6.665	-6.665	-6.665	-6.665	-6.665	-1.983	-6.665	-6.665	-6.665	-6.665	-6.665
2.411	2.705	2.259	2.616	2.118	2.596	2.722	2.711	2.878	2.895	2.492	1.887	1.378	1.239	1.879	1.917	2.149	1.557	2.412	2.343
4.566	4.653	4.039	4.513	4.075	4.324	4.419	4.026	4.473	4.317	3.942	4.175	4.492	4.677	4.597	3.518	4.026	3.857	3.843	4.276
-0.981	-2.771	-4.385	-2.291	-3.023	-2.358	-0.017	-6.665	-1.7	-5.012	-1.44	-3.679	-6.665	-1.783	-3.889	-0.993	-0.303	-1.967	-3.006	-0.479
1.914	2.004	2.388	2.064	2.246	1.468	1.988	1.906	1.844	2.227	1.851	1.506	0.963	1.315	2.377	1.923	1.744	1.088	1.68	1.369
6.408	5.911	7.278	7.269	6.634	6.397	6.631	7.225	7.903	7.547	6.913	6.745	7.353	6.733	7.484	7.568	6.75	7.245	7.078	6.254
5.47	5.603	5.848	5.661	5.54	5.53	5.219	5.384	5.619	5.589	5.159	4.879	5.067	4.671	5.001	4.81	5.01	5.068	5.513	5.248
5.139	5.832	4.518	5.492	4.65	5.101	4.993	4.47	4.847	5.028	5.207	5.363	5.269	5.828	4.8	5.339	5.237	5.992	5.154	5.03
5.727	4.17	3.01	3.362	2.441	2.107	5.542	1.56	3.896	3.406	3.999	3.097	2.253	3.852	4.205	3.013	4.372	2.291	4.081	4.98
4.563	4.579	4.225	4.421	3.663	4.554	4.428	4.29	4.77	4.336	3.689	4.001	3.75	3.741	4.297	4.196	3.726	3.863	4.284	3.724
5.365	5.109	4.451	4.19	4.107	5.219	4.188	4.712	4.593	4.163	3.747	3.996	3.443	2.681	2.714	3.547	3.853	4.008	3.7	3.855
6.715	5.918	7.549	6.563	7.125	6.391	6.576	7.448	7.432	7.416	6.585	5.918	5.603	5.792	5.989	6.803	6.26	5.81	6.462	6.306
3.912	2.332	3.237	2.764	3.288	4.053	3.713	3.98	3.977	3.393	4.266	1.844	2.941	3.331	3.158	2.2	2.952	3.699	3.682	3.318
2.243	1.317	1.522	1.285	2.135	1.6	2.803	1.582	1.565	-0.457	2.536	1.599	2.337	2.183	0.503	2.64	1.627	2.291	3.189	2.916
6.204	5.616	6.572	6.591	6.2	5.958	6.125	6.064	6.612	6.779	6.112	6.603	6.317	6.215	7.34	6.776	6.386	6.939	6.279	5.998
3.396	3.127	3.136	3.104	2.795	3.585	3.206	4.037	2.972	3.406	2.255	1.953	0.769	0.677	1.65	1.279	1.717	1.121	2.601	1.73
-6.665	-6.665	-6.665	-6.665	-6.665	-6.665	-3.387	-6.665	-3.548	-6.665	-6.665	-4.416	-6.665	-4.783	-4.304	-6.665	-6.665	-6.665	-6.665	-4.216
-6.665	-6.665	-6.665	-6.665	-6.665	-6.665	-4.387	-6.665	-6.665	-6.665	-4.103	-6.665	-6.665	-6.665	-6.665	-6.665	-6.665	-6.665	-6.665	-6.665
3.762	3.551	3.683	3.536	3.251	4.201	3.8	3.832	3.832	3.699	3.732	3.662	4.18	4.018	3.845	3.716	3.989	3.874	3.634	3.578
6.038	6.811	6.067	6.438	6.044	6.614	6.372	6.06	6.664	6.347	5.165	6.234	7.226	5.486	6.812	6.789	5.712	6.288	6.372	5.631
2.57	2.434	2.731	4.084	2.665	3.609	3.399	2.171	2.169	2.709	4.113	3.237	4.364	6.42	2.699	3.408	4.872	5.395	4.751	2.878
5.763	5.76	3.579	4.413	3.972	5.118	4.181	4.107	3.88	4.367	4.628	4.594	3.711	4.07	4.771	4.241	4.68	4.491	4.295	4.541
7.578	8.102	8.02	8.053	7.464	7.928	7.733	7.44	8.114	8.049	8.205	7.62	6.862	8.398	7.969	7.772	7.945	7.816	7.902	7.716
2.608	2.565	1.919	2.586	2.62	2.454	4.056	2.456	3.368	2.337	3.252	2.932	3.183	3.601	3.094	2.997	3.662	3.113	2.684	2.95
4.378	1.062	3.359	5.454	4.428	4.131	5.11	4.514	4.413	3.988	3.784	2.713	1.931	6.298	5.568	3.697	4.26	4.127	5.015	4.131
3.008	2.634	3.278	3.117	3.259	2.986	3.305	3.089	2.898	3.2	2.522	2.696	1.989	2.904	2.956	3.08	2.493	2.513	2.378	2.069
1.852	-0.913	-0.242	0.117	0.278	1.95	1.286	-0.141	-0.347	-1.619	1.441	0.506	1.793	1.81	-0.497	0.007	1.641	-0.109	2.403	1.199
4.276	2.693	0.703	2.695	1.299	1.248	4.367	0.444	1.898	-0.154	2.295	1.875	1.869	3.305	-0.246	1.809	3.313	2.131	3.047	4.336
4.471	3.924	3.815	3.742	4.004	3.68	3.938	4.328	3.929	4.128	3.717	3.957	4.114	3.75	4.574	3.702	4.059	3.713	3.687	4.016
0.691	0.721	0.785	-0.21	-0.13	1.291	0.743	0.102	0.107	-0.034	0.652	0.474	-0.231	1.239	1.359	0.633	1.024	0.223	1.038	0.106
7.231	6.188	6.732	6.452	6.09	7.033	6.385	6.975	6.752	6.831	6.363	6.864	6.159	4.683	6.076	6.375	6.73	5.671	6.288	6.206
-3.981	-6.665	-6.665	-6.665	-6.665	-6.665	-3.65	-6.665	-6.665	-4.427	-4.103	-4.416	-5.114	-6.665	-6.665	-4.537	-4.446	-6.665	-6.665	-4.801
6.119	6.716	6.312	6.623	6.134	5.755	6.347	5.859	5.661	6.505	5.894	6.165	4.9	6.865	6.047	6.232	6.038	6.288	6.032	5.705
2.117	2.617	1.844	3.261	1.192	0.977	1.504	0.256	-0.316	1.319	4.836	1.74	2.855	3.507	1.477	1.136	3.571	4.514	2.769	2.892
4.649	4.814	5.877	5.578	6.139	4.819	4.876	5.087	7.059	6.548	4.641	3.867	5.626	5.846	5.405	4.395	4.936	6.112	4.779	3.21
5.967	5.719	5.669	5.847	5.477	5.845	5.689	5.617	6.144	5.755	5.8	5.519	4.709	4.842	5.484	5.5	5.527	5.095	5.918	5.556
5.955	6.751	5.777	6.175	5.589	6.819	6.259	5.298	5.879	6.179	6.294	7.216	5.915	6.259	6.132	6.576	6.541	6.424	6.552	6.503
1.858	4.739	4.905	5.052	4.429	3.182	4.737	4.923	4.528	4.833	4.592	1.021	0.394	5.375	4.239	1.939	4.107	6.198	5.574	4.396
2.761	2.604	-1.882	1.822	-0.216	3.154	2.017	1.37	2.669	0.966	2.565	1.671	-3.792	1.725	2.714	1.304	1.731	1.233	2.827	0.265
5.084	4.252	3.558	3.929	3.639	4.375	3.926	3.991	3.799	3.666	4.04	5.326	3.743	4.376	3.537	3.473	3.951	3.984	4.033	4.576
4.037	3.369	3.968	4.085	4.004	4.02	4.03	4.24	4.295	4.08	3.467	2.95	3.73	3.081	3.419	3.896	3.011	2.876	3.068	3.521
5.317	4.801	4.635	4.364	4.194	5.35	6.059	4.474	4.581	4.347	5.65	5.426	6.014	5.95	5.024	5.187	6.15	5.414	6.053	5.804
6.01	6.005	5.108	6.222	5.158	6.231	5.92	5.339	5.262	5.484	6.652	5.662	5.825	5.917	6.441	5.683	6.273	5.844	5.847	6.03
4.91	5.595	4.642	5.611	5.424	5.802	5.08	5.194	4.885	5.034	5.806	4.948	5.348	6.242	5.804	4.872	5.452	6.245	5.722	5.167
-3.396	-3.771	-4.97	-3.406	-4.831	-4.818	-3.972	-5.048	-6.665	-5.012	-4.103	-4.001	-3.114	-2.976	-4.304	-3.8	-4.446	-3.967	-6.665	-3.216
6.504	5.773	6.157	6.199	6.824	7.991	7.116	5.505	6.929	6.785	7.176	8.026	7.961	8.001	5.141	8.635	7.724	7.81	8.931	7.383
2.267	2.218	3.905	4.049	3.699	2.646	2.746	3.43	3.447	3.834	3.057	3.268	3.352	2.89	3.295	4.611	3.543	3.697	3.5	3.379
-0.148	0.621	-1.063	-1.406	-1.831	-2.233	-2.387	-2.048	-0.347	-1.368	-1.518	-3.194	-2.114	-0.829	-0.162	-2.662	-2.331	-0.541	-0.648	-1.631
4.975	5.017	4.938	5.57	5.249	5.216	5.255	4.973	5.386	5.471	4.636	4.754	4.409	5.205	5.299	5.767	4.759	5.1	4.416	4.428
-2.659	-1.379	-1.882	-1.991	-1.661	-0.773	-6.665	-2.24	-4.285	-1.924	-2.518	-2.416	-4.529	-3.783	-0.604	-1.264	-1.507	-1.879	-1.919	-2.994
3.022	1.984	2.107	1.829	2.845	2.028	3.821	2.219	1.722	0.809	3.013	2.51	3.416	3.804	0.993	3.02	2.836	3.01	4.047	3.703
4.051	1.807	1.49	3.268	3.462	2.216	3.431	1.082	2.078	1.464	2.249	2.773	1.952	3.031	2.606	2.088	2.516	2.702	3.601	3.091
6.424	6.013	7.281	6.805	7.141	6.633	6.686	7.596	7.155	7.864	6.516	6.14	6.993	6.431	5.924	6.249	6.536	7.009	6.82	6.475
2.757	4.421	4.816	3.92	5.33	3.542	3.412	4.898	4.431	4.746	2.013	3.051	4.416	3.211	5.322	2.191	2.304	4.347	3.631	3.804
-6.665	-6.665	-6.665	-6.665	-6.665	-6.665	-6.665	-6.665	-6.665	-6.665	-6.665	-6.665	-6.665	-6.665	-6.665	-6.665	-6.665	-6.665	-6.665	-4.216
1.889	-0.449	5.686	5.079	2.518	-4.233	4.809	-1.293	1.865	5.099	6.191	3.179	3.96	5.958	3.65	6.205	6.224	4.03	3.49	2.393
4.331	4.027	3.563	4.118	3.806	3.737	3.923	4.028	4.379	3.725	3.627	3.524	3.018	3.53	4.338	3.812	3.28	3.561	3.67	3.918
2.478	2.639	2.561	1.556	1.769	2.382	1.736	2.171	2.201	2.269	2.784	1.097	1.587	1.952	1.52	1.154	1.387	1.346	0.948	1.722
1.813	2.049	2.925	4.361	4.919	2.9	4.0	1.336	4.029	3.603	5.092	3.389	1.287	5.141	2.95	2.966	3.68	4.819	4.73	4.281
4.213	4.129	3.753	2.261	3.468	3.456	2.337	2.772	2.799	1.907	1.97	1.773	1.181	3.063	2.035	0.797	1.731	3.395	2.997	2.521
-2.174	-2.601	-3.97	-3.669	-2.661	-6.665	-4.387	-6.665	-2.548	-5.012	-1.6	-2.542	-4.529	-3.461	-4.304	-6.665	-2.446	-3.645	-1.099	-1.994
-6.665	-6.665	-6.665	-2.291	-6.665	-6.665	-4.972	-6.665	-4.285	-3.69	-6.665	-6.665	-4.114	-6.665	-6.665	-6.665	-6.665	-6.665	-6.665	-6.665
6.388	5.511	5.931	6.175	5.901	5.871	5.997	5.943	5.982	5.86	5.814	6.094	6.259	5.576	6.192	5.968	6.072	5.6	6.118	5.931
-1.123	-2.963	-4.385	-2.084	-0.276	-6.665	-0.164	-2.588	-3.548	-3.012	-0.734	-1.478	-1.256	-1.695	-3.567	-1.264	-2.861	-1.797	-3.421	-1.553
5.939	5.304	5.903	6.09	5.515	5.86	6.062	5.636	6.162	5.933	6.005	6.139	5.687	5.946	6.242	6.162	6.013	6.555	5.959	6.075
5.376	6.54	5.577	6.249	5.935	5.427	5.805	5.096	5.59	6.006	6.147	5.988	4.868	7.177	6.137	6.087	6.301	6.324	6.104	6.031
-0.457	-3.186	-1.269	-1.406	-0.743	-2.233	-1.512	-0.588	-0.7	-0.842	-1.228	-2.416	-1.114	-1.461	-1.641	-1.662	-1.507	-1.574	-3.006	-0.894
4.356	5.191	4.887	4.601	5.591	4.869	4.572	4.824	5.349	5.085	4.993	5.356	5.709	4.018	4.492	4.224	4.832	4.792	5.167	4.897
3.392	1.389	-1.648	0.257	-0.158	0.658	2.756	-2.463	0.084	-1.69	2.696	0.338	-0.756	1.024	-0.935	0.048	1.641	0.916	1.081	2.875
5.858	5.024	4.824	5.028	5.178	5.02	5.635	4.69	4.8	4.648	5.236	5.177	5.145	5.194	5.276	5.391	5.218	4.904	5.17	5.716
2.219	2.655	2.894	3.091	3.1	2.435	2.243	3.14	3.302	3.203	2.213	2.494	2.576	3.226	1.898	2.437	2.833	2.342	2.208	2.302
5.438	6.019	5.271	4.942	4.441	5.804	5.439	5.154	4.136	5.194	4.904	5.116	3.148	4.363	6.064	5.111	5.605	5.109	5.194	5.162
5.001	5.076	5.229	5.535	5.11	4.835	5.044	5.177	5.261	5.458	5.195	5.32	4.667	5.554	5.56	5.675	5.008	5.097	5.178	5.224
5.975	5.14	5.341	5.982	4.648	5.293	5.625	5.333	5.288	6.344	4.706	5.372	4.291	7.186	5.435	5.388	5.903	5.773	4.577	5.04
-2.522	-1.449	-6.665	-3.184	0.897	-2.117	-0.512	-0.266	-0.585	-1.552	0.04	-4.416	0.641	0.787	-0.719	-1.73	-0.572	1.493	0.164	-1.994
-6.665	-6.665	-6.665	-4.406	-6.665	-6.665	-6.665	-6.665	-6.665	-6.665	-6.665	-6.665	-6.665	-6.665	-6.665	-6.665	-6.665	-6.665	-6.665	-6.665
4.535	4.909	5.236	4.828	4.956	4.604	4.344	5.278	5.398	5.446	4.123	4.048	3.208	4.289	3.391	4.634	3.976	4.575	4.029	3.974
6.718	5.858	6.484	5.932	6.044	5.994	6.413	6.629	6.377	6.62	5.501	6.073	5.33	4.905	5.794	6.108	5.671	5.289	5.804	5.905
7.543	7.917	6.721	6.84	6.657	7.145	7.173	6.641	6.432	6.422	6.896	6.958	7.301	6.814	7.115	6.235	7.092	7.002	7.176	7.302
5.006	3.238	5.274	4.943	4.3	5.418	5.444	3.772	2.569	3.262	5.679	4.433	4.769	6.501	4.582	4.794	6.06	6.319	5.011	5.177
5.488	6.088	6.005	5.969	5.403	5.743	5.491	5.548	5.674	5.988	5.581	6.189	5.536	5.526	5.948	5.918	5.693	5.568	5.428	5.635
5.151	6.303	5.802	6.183	5.035	4.865	5.365	5.273	6.521	5.735	5.875	5.421	4.956	6.652	6.851	6.19	5.797	6.451	5.859	6.249
3.726	2.551	3.203	3.567	3.422	2.694	3.364	2.548	3.317	3.222	3.258	2.565	2.362	3.59	3.232	2.551	3.136	2.309	3.268	3.356
4.81	3.087	1.465	3.31	2.518	1.658	4.569	0.256	2.573	-0.284	2.952	3.225	1.775	4.71	1.029	2.471	4.112	2.713	3.159	4.549
0.229	-4.186	-3.648	-2.669	-3.023	2.522	-0.387	-3.24	-2.548	-0.368	0.836	-0.273	2.35	2.548	0.892	-0.598	1.078	0.853	3.966	-0.894
5.005	5.111	5.168	5.153	5.023	5.21	5.022	5.123	5.452	5.607	4.822	5.444	5.302	6.392	5.772	5.224	5.083	5.047	4.966	5.246
0.267	-0.016	-1.269	-2.991	-2.509	-0.294	-0.48	-4.463	-1.7	-1.311	-0.88	-2.542	-3.114	-2.082	-2.43	-3.8	-3.224	-0.922	-1.251	-2.342
5.037	2.613	1.71	2.492	3.267	2.022	3.845	0.31	2.975	0.907	2.598	1.838	3.578	5.662	1.503	2.222	2.792	1.808	2.159	3.578
4.511	3.175	4.179	4.278	3.6	4.389	4.345	3.193	4.43	3.363	3.639	3.454	5.932	4.67	4.885	4.86	4.172	3.716	4.001	4.497
3.403	4.014	4.287	3.838	3.782	3.177	3.406	4.187	4.546	4.235	3.132	3.188	2.583	3.768	2.865	2.794	2.808	3.088	3.801	3.366
4.409	4.138	4.447	4.471	4.573	4.248	4.338	4.868	5.084	4.177	4.176	4.333	3.283	4.58	3.488	4.004	4.494	4.301	3.936	3.96
7.495	7.332	7.611	7.4	7.445	8.025	7.589	7.928	7.336	7.675	6.941	7.452	8.141	7.028	7.463	7.428	7.626	7.477	7.584	7.231
5.057	2.877	2.374	3.249	2.701	3.9	3.562	2.969	4.134	2.07	4.374	3.227	4.234	6.098	3.473	4.099	4.587	3.706	4.25	3.977
5.862	5.926	6.047	5.582	5.659	6.334	5.843	5.884	5.668	5.736	5.829	5.594	5.876	4.94	6.215	5.641	5.784	5.585	5.715	5.691
5.805	5.931	6.079	5.954	6.479	6.33	5.884	6.099	6.165	6.374	6.261	5.352	5.235	6.44	5.325	5.066	5.736	5.89	6.312	5.792
3.226	4.714	2.064	2.163	1.813	2.275	4.178	1.2	7.721	1.389	2.792	2.279	4.654	3.331	1.602	2.478	3.056	2.223	1.144	4.45
-0.174	-0.726	-2.163	-1.532	-2.661	-1.648	-1.65	-2.24	-1.87	-3.012	-1.688	-2.301	-3.114	-4.198	-0.366	-1.8	-2.709	-2.159	-1.199	-1.631
2.713	3.053	1.913	2.037	2.015	2.194	1.829	2.578	2.217	2.188	1.643	1.825	1.799	2.018	2.094	-0.122	1.697	1.459	1.742	2.063
-1.28	-1.016	-6.665	-4.991	-2.371	-6.665	-2.065	-6.665	-6.665	-5.012	-6.665	-3.679	-3.114	-2.976	-4.304	-6.665	-5.031	-4.967	-6.665	-2.479
4.545	3.1	2.283	3.723	3.249	2.91	4.789	1.162	2.673	0.859	4.215	3.282	2.569	5.053	0.905	2.64	4.17	3.739	4.207	4.868
-3.174	0.037	-6.665	-4.406	-6.665	-4.233	0.488	-2.347	-4.87	-4.427	-2.103	-2.094	-6.665	-2.613	-2.082	-4.537	-4.446	-3.645	-1.614	-2.994
3.888	3.591	3.528	3.638	2.566	2.879	4.356	4.005	3.136	4.022	3.381	3.468	1.793	3.909	3.572	3.884	3.813	2.91	2.957	3.461
4.781	5.219	5.199	4.891	4.999	4.794	4.614	4.884	5.29	5.166	4.705	4.136	4.358	5.196	4.742	4.785	4.507	4.278	4.68	4.646
4.878	2.791	5.059	4.079	4.032	2.401	4.427	4.548	5.811	5.274	4.854	2.664	2.722	3.861	3.235	3.311	3.573	2.72	3.554	4.617
-1.396	-6.665	-2.269	-2.669	-1.743	-3.496	-3.65	-4.463	-1.783	-5.012	-6.665	-6.665	-2.944	-2.976	-2.719	-5.122	-5.031	-6.665	-3.199	-6.665
3.641	-0.864	0.074	2.242	0.911	1.089	-0.089	-0.762	-0.17	-1.488	2.634	-0.047	0.19	1.741	1.111	1.37	3.368	0.828	3.585	1.927
1.839	1.183	0.007	0.75	-0.473	1.826	1.598	1.72	0.505	0.743	2.441	1.72	2.321	0.861	0.769	1.362	1.198	0.281	0.638	0.243
-4.396	-6.665	-6.665	-6.665	-1.371	-6.665	-6.665	-4.463	-6.665	-6.665	-6.665	-6.665	-4.529	-6.665	-6.665	1.544	-4.446	-6.665	-4.421	-2.994
4.336	5.28	1.522	1.468	2.637	4.315	3.124	0.582	0.963	2.133	3.663	4.242	1.738	5.964	-0.162	3.947	4.149	3.842	3.983	4.071
5.884	5.633	4.582	5.778	4.93	5.899	6.189	4.066	4.508	5.173	5.99	6.627	2.79	7.672	5.472	6.078	6.412	7.001	6.565	5.93
-6.665	-6.665	-6.665	-4.991	-4.831	-6.665	-6.665	-6.665	-4.87	-6.665	-6.665	-6.665	-6.665	-6.665	-6.665	-6.665	-6.665	-6.665	-6.665	-6.665
5.098	5.27	4.26	5.845	4.468	5.073	5.089	5.141	4.356	5.288	4.953	5.313	5.072	5.699	5.315	5.571	5.2	5.62	4.88	5.047
-4.396	-0.817	-2.51	-2.184	-1.371	-0.46	-0.65	-0.96	-0.226	0.431	-0.83	-2.831	1.394	-6.665	-3.082	-1.478	-2.572	-4.382	-6.665	0.176
7.647	8.113	6.944	7.518	7.033	7.881	7.622	6.911	6.981	7.031	7.584	7.41	6.773	7.059	6.87	7.122	7.557	7.2	7.815	7.732
4.168	4.081	4.882	4.121	4.316	4.448	4.41	5.103	4.345	5.118	3.645	3.916	4.377	4.204	4.023	4.493	4.119	4.305	4.165	3.949
5.001	5.402	4.86	5.292	4.883	5.144	4.88	5.065	5.185	4.808	4.461	4.81	5.348	4.603	6.048	5.148	5.095	5.68	5.034	4.788
1.839	1.16	2.24	1.392	2.246	2.54	1.583	3.152	2.295	2.945	1.634	1.642	1.337	-0.198	0.634	1.508	1.539	1.655	1.948	0.608
-1.589	-2.449	-2.385	-2.291	-2.509	-2.117	-3.387	-2.588	-1.87	-2.311	0.219	-1.542	-3.306	-0.925	-3.304	-4.122	-1.639	-0.681	-3.421	0.129
4.964	1.263	0.352	2.536	0.359	-0.063	0.643	-0.19	1.638	-0.585	0.722	1.275	-0.654	2.431	3.756	-0.394	0.056	4.179	-0.58	1.617
-2.074	-4.186	2.205	1.66	1.835	2.205	2.132	1.747	-0.783	-3.427	-2.228	1.832	-1.207	-1.613	2.071	-2.421	1.188	0.72	-1.251	2.118
-1.659	-2.311	-1.722	-2.291	-2.13	-6.665	-4.387	-2.347	-1.411	-3.69	-6.665	-3.679	-6.665	0.194	1.29	-1.314	-4.031	-1.797	-2.199	-2.631
1.332	1.477	0.074	1.031	0.214	1.401	0.947	-0.524	-0.142	-0.488	1.441	0.869	0.817	1.945	-0.845	-1.168	0.445	0.663	-0.173	0.799
-6.665	-3.449	-6.665	-6.665	-6.665	-6.665	-4.387	-6.665	-6.665	-6.665	-6.665	-6.665	-6.665	-6.665	-4.304	-6.665	-6.665	-6.665	-6.665	-6.665
1.535	1.317	-2.269	-1.743	0.027	2.342	1.823	0.639	-0.585	0.236	3.195	2.49	0.115	1.601	0.468	-1.077	2.543	1.408	2.623	1.699
6.671	5.761	6.579	6.582	6.136	6.896	6.383	6.622	6.241	6.821	6.224	6.602	6.179	5.422	6.433	6.874	6.588	6.26	6.184	6.329
5.168	4.182	4.916	4.977	4.568	4.778	4.537	5.048	4.863	4.884	4.811	4.768	5.021	3.781	4.71	5.072	4.783	4.396	4.514	4.821
4.397	4.466	3.456	3.936	3.581	3.743	4.274	3.488	4.091	3.815	4.268	4.263	3.974	4.268	3.902	3.979	4.461	4.238	4.347	4.369
-2.174	-0.449	-1.648	-1.291	-1.371	-1.425	-1.884	-1.094	-1.963	-1.69	-0.133	0.857	-0.413	-1.323	0.198	0.606	-0.173	-0.352	1.316	0.447
-2.522	-2.311	-2.385	-2.406	-2.661	-2.117	-2.164	-1.726	-4.285	-2.427	-4.103	-2.001	-3.114	-3.198	-1.641	-0.836	-3.224	-3.382	-3.006	-2.342
-1.074	-2.449	-1.016	-0.991	-0.405	-2.648	-0.686	-3.048	-0.783	-3.69	-3.103	-4.001	-2.792	-1.391	-1.189	-2.8	-3.446	-4.967	-1.614	-2.101
4.701	2.791	-1.722	0.418	0.813	0.27	2.739	-1.96	-0.255	-1.257	1.482	0.302	-0.183	1.493	-0.889	0.867	2.37	0.976	1.113	4.239
3.69	3.112	3.536	3.577	3.347	2.964	3.749	3.522	3.883	4.588	4.097	3.867	5.075	4.045	4.063	3.94	3.714	4.283	4.391	3.903
5.939	5.664	5.343	5.783	5.398	5.381	5.511	5.261	5.468	5.218	5.344	5.292	5.707	5.089	5.379	4.799	5.325	5.189	5.231	5.648
4.304	3.727	3.598	3.506	4.377	3.71	3.98	3.975	4.055	3.883	3.136	3.536	3.546	4.237	3.923	4.148	3.203	3.607	3.889	3.466
-1.811	-2.963	-3.97	-4.406	-1.13	-2.358	-1.802	-1.141	-1.87	-5.012	-2.518	-4.416	-4.529	-2.783	2.305	-3.314	-3.031	-3.967	-5.006	-1.479
3.316	3.265	3.565	3.357	3.441	3.372	3.238	3.276	3.452	3.616	2.726	2.613	1.984	3.165	3.275	3.594	2.986	2.607	3.03	2.65
-0.2	0.379	0.422	0.348	0.052	0.291	-0.417	0.61	0.174	0.217	-0.688	-0.753	-1.026	-0.461	0.26	0.145	-0.709	-0.443	-0.684	-0.714
7.054	5.904	7.097	7.331	7.209	6.889	6.189	4.924	6.59	6.644	5.985	6.323	7.65	6.134	7.583	6.55	5.93	6.318	6.908	6.593
3.117	2.317	1.405	1.681	2.553	2.694	2.756	0.707	1.898	0.346	4.915	3.595	0.769	4.408	1.029	0.007	4.695	4.433	3.775	4.545
5.2	5.649	5.608	5.323	5.42	5.376	5.34	5.457	5.411	5.629	5.522	4.938	5.256	4.75	4.549	4.892	5.36	5.451	5.466	5.646
4.747	4.581	4.359	4.328	3.777	4.327	4.092	4.251	4.344	4.422	4.467	4.179	4.601	4.22	4.282	4.541	5.068	3.816	3.717	4.516
6.98	6.971	6.431	6.979	6.425	7.117	6.824	6.337	6.92	6.693	6.828	6.629	6.559	6.866	6.788	6.661	6.685	7.499	6.855	6.774
4.549	4.471	3.56	3.468	3.169	4.495	4.191	3.258	3.602	3.26	4.207	4.443	4.379	3.804	4.223	4.488	4.393	3.913	4.012	4.364
-6.665	-6.665	-4.385	-4.406	-4.831	-4.233	-4.387	-6.665	-4.87	-6.665	-4.103	-3.679	-6.665	-6.665	-6.665	-6.665	-6.665	-6.665	-6.665	-3.479
5.866	5.402	5.427	5.311	4.862	6.306	5.389	5.936	5.5	5.434	6.217	6.157	6.168	6.154	5.025	5.699	5.729	5.682	6.056	6.158
5.761	5.798	5.833	5.858	5.368	5.727	5.638	5.605	5.987	5.579	5.244	5.375	5.292	4.673	4.237	5.767	5.628	5.344	5.41	5.393
4.382	4.265	3.711	4.125	4.259	3.939	3.966	3.824	4.137	3.437	3.103	3.372	4.08	3.256	3.242	3.77	3.366	2.86	3.556	3.913
5.51	5.921	6.553	6.067	6.228	5.309	5.643	5.908	6.403	5.823	5.591	5.55	6.662	4.994	5.804	6.305	6.476	6.111	5.807	5.757
0.839	1.705	0.315	0.803	-0.049	0.964	0.971	0.639	0.452	0.178	1.844	1.506	0.863	1.124	2.524	1.088	1.516	1.252	0.386	1.642
0.996	0.533	-0.578	1.674	-0.621	-0.911	2.944	-0.094	1.29	-0.179	2.855	-0.447	-0.048	1.824	-1.43	0.592	0.912	0.319	0.638	1.806
7.047	8.484	7.28	7.253	6.82	7.261	6.901	7.269	7.624	7.644	7.311	7.483	5.981	6.959	7.881	7.578	7.483	7.187	7.29	7.032
3.392	3.703	3.203	3.67	2.716	3.506	2.732	3.448	2.552	3.002	2.952	3.723	2.855	2.868	4.173	4.276	3.475	3.168	2.833	2.791
-6.665	-3.449	0.758	-2.291	2.002	-1.73	0.971	-1.404	-0.963	-1.368	-3.688	-6.665	0.544	-3.461	-4.304	-4.537	-3.709	-0.541	-0.514	-0.101
-4.396	-0.963	-3.648	-1.037	-3.023	-6.665	-6.665	-2.588	-3.548	0.558	-4.103	-3.679	-4.529	-4.783	-1.983	-6.665	-6.665	-4.382	-6.665	-1.479
5.289	5.579	5.801	5.583	5.773	5.155	5.275	5.494	6.306	5.78	5.376	5.319	5.306	5.414	5.066	5.627	5.256	5.608	5.567	5.029
3.219	2.142	3.514	3.245	3.553	3.128	2.997	3.898	3.881	3.929	2.436	3.369	2.654	2.094	2.975	3.154	2.989	2.681	3.399	2.878
6.549	5.407	6.287	6.485	6.005	5.775	6.593	6.161	6.214	6.15	5.965	5.7	4.582	6.936	5.511	5.37	6.043	5.589	6.361	6.478
2.908	3.971	-1.578	1.54	-4.246	-0.688	3.198	-4.463	4.708	0.512	0.897	3.421	1.793	2.106	1.177	-1.874	0.737	1.891	-2.421	1.398
3.918	3.472	4.088	3.851	4.18	3.428	3.787	4.288	4.46	4.496	4.307	3.404	2.46	3.872	3.572	3.901	3.435	3.62	3.803	3.539
-4.981	-6.665	-6.665	-6.665	-6.665	-6.665	-6.665	-4.463	-6.665	-6.665	-4.103	-4.416	-4.529	-4.198	-6.665	-3.8	-4.446	-6.665	-4.421	-6.665
6.79	6.625	6.365	6.665	6.194	6.673	6.681	6.649	6.51	6.49	6.475	6.746	5.972	6.476	6.193	6.309	6.45	6.767	6.869	6.218
5.181	5.495	4.882	4.925	5.192	4.773	5.291	4.756	4.901	4.982	5.183	5.029	4.521	6.022	4.149	3.209	5.161	5.41	4.937	4.672
4.744	4.943	5.03	4.849	4.81	5.091	4.502	4.863	4.79	5.224	3.974	3.816	3.666	2.897	4.547	4.878	3.799	3.002	3.512	3.534
4.9	4.83	5.317	5.14	5.273	5.35	5.056	5.864	5.184	5.595	4.963	4.709	4.5	4.613	4.671	4.61	5.146	4.711	5.055	4.534
5.645	5.518	5.218	4.911	5.307	6.671	4.718	5.27	5.472	5.111	3.659	4.368	2.638	0.985	2.27	1.463	3.318	3.069	4.946	3.853
4.797	4.813	4.874	4.053	4.431	4.846	3.987	4.661	4.291	4.794	4.765	5.072	5.242	4.134	4.51	4.401	4.891	4.258	4.429	5.187
5.416	5.866	6.356	6.259	6.186	5.668	5.876	5.255	6.219	6.222	5.839	5.713	6.192	5.886	5.618	5.574	6.003	6.068	6.203	5.505
-3.659	-6.665	-6.665	-6.665	-6.665	-3.818	-6.665	-3.463	-6.665	-6.665	-6.665	-5.001	-4.529	-6.665	-6.665	-5.122	-4.031	-6.665	-6.665	-6.665
3.812	3.319	4.651	3.663	4.359	3.648	3.67	4.736	4.605	3.609	3.842	3.5	3.789	2.846	4.165	3.755	3.955	3.198	3.038	3.6
6.26	5.094	7.52	6.308	6.892	6.256	6.259	7.507	7.152	7.305	6.189	6.234	5.953	4.986	6.624	7.355	6.212	5.854	5.566	6.221
0.445	0.844	1.805	0.609	1.112	0.27	0.701	0.507	0.988	1.809	0.289	0.043	1.362	0.677	1.187	1.27	0.814	0.603	0.352	0.769
6.627	7.142	6.548	6.772	5.818	6.297	6.78	6.144	7.048	6.79	6.855	6.982	6.358	7.136	6.046	6.473	6.862	7.039	6.616	7.013
-6.665	-6.665	-6.665	-6.665	-6.665	-6.665	-6.665	-6.665	-6.665	-6.665	-6.665	-6.665	-5.114	-6.665	-6.665	-6.665	-6.665	-6.665	-6.665	-6.665
8.918	10.064	7.862	9.192	7.571	9.094	9.106	9.136	8.231	7.799	9.513	9.71	6.751	7.731	10.196	9.091	9.81	8.874	9.488	9.217
-3.396	-3.186	-6.665	-6.665	5.121	-6.665	-3.65	-6.665	-6.665	-6.665	-4.103	-6.665	-4.529	-6.665	-6.665	-6.665	-5.031	-6.665	-6.665	-4.216
3.744	5.108	3.661	3.953	3.219	3.458	3.837	3.752	3.905	3.97	3.06	3.664	2.952	2.995	5.129	3.663	3.282	3.747	2.864	2.828
5.068	4.669	4.798	4.904	5.396	4.728	4.938	4.546	4.472	5.064	4.582	4.373	3.926	5.436	3.973	4.39	4.925	4.671	4.387	4.629
-6.665	-6.665	-6.665	-4.406	-6.665	-6.665	-6.665	-6.665	-6.665	-6.665	-6.665	-5.001	-6.665	-6.665	-6.665	-6.665	-6.665	-6.665	-6.665	-6.665
-6.665	-6.665	-6.665	-6.665	-6.665	-6.665	-6.665	-6.665	-6.665	-6.665	-6.665	-6.665	-6.665	-6.665	-6.665	-6.665	-6.665	-6.665	-6.665	-6.665
4.046	3.027	2.49	2.678	3.339	3.879	4.369	2.349	3.786	2.484	4.496	2.929	3.021	4.016	0.981	2.511	3.355	3.022	4.199	3.98
-6.665	-6.665	-6.665	-4.406	-6.665	-6.665	-6.665	-6.665	-6.665	-6.665	-6.665	-6.665	-6.665	-6.665	-6.665	-6.665	-6.665	-6.665	-6.665	-6.665
1.085	4.271	-0.882	0.179	-1.076	2.046	0.35	0.596	2.634	-2.311	-1.518	-3.679	-1.944	-2.783	-3.082	0.433	-1.387	-3.159	-2.199	-2.479
0.938	0.399	1.538	1.34	1.027	0.372	1.88	-0.655	2.169	1.431	2.266	-0.679	0.694	2.627	0.838	1.456	1.098	-0.797	1.988	2.05
1.67	-0.449	-2.648	-1.991	-0.509	2.015	1.35	-6.665	-6.665	-3.69	3.936	0.458	-0.792	1.124	-6.665	-2.215	1.327	1.663	1.977	0.954
5.331	4.101	2.772	3.775	2.98	3.304	4.154	2.214	3.953	2.61	6.005	4.451	2.505	4.609	4.341	4.143	4.492	4.486	4.671	5.77
5.166	5.116	4.916	4.917	4.805	4.777	4.822	4.631	5.178	4.726	4.539	5.184	5.505	4.937	5.12	4.15	5.086	5.169	5.189	4.999
1.42	0.458	-0.269	-0.669	0.856	0.205	0.488	-1.96	1.141	-0.802	0.067	-1.094	-1.59	0.075	-0.43	-1.215	-0.902	0.801	-0.199	0.389
1.813	3.412	4.755	3.009	4.234	2.756	3.94	4.992	4.97	5.22	1.796	3.141	-4.114	0.945	-2.304	-0.63	3.657	0.999	2.968	2.437
-2.174	-2.601	-2.51	-2.406	-2.831	-3.496	-3.387	-2.463	-2.17	-1.057	-3.103	-3.416	-1.413	-4.783	-3.304	-2.537	-2.446	-3.159	-4.421	-3.216
-6.665	-6.665	-4.385	-2.991	-6.665	-6.665	-4.972	-4.048	-3.548	-4.427	-6.665	-5.001	-6.665	-4.783	-6.665	-6.665	-4.446	-4.382	-5.006	-6.665
2.238	0.814	-0.612	0.096	-1.371	-1.117	2.105	-1.588	-0.513	-1.842	1.844	-0.478	0.628	0.725	1.144	0.646	1.477	0.841	0.722	2.821
1.813	4.634	3.554	4.031	3.002	2.472	2.842	3.694	3.144	4.34	4.241	4.27	2.071	5.341	4.806	2.835	4.504	4.492	3.244	4.398
-1.074	-1.601	-2.163	-3.669	-1.743	-0.688	-1.017	-2.726	-1.87	-2.105	-1.366	-1.679	-1.792	-2.461	-1.719	-2.215	-2.861	-1.645	0.279	-0.801
0.543	-1.311	0.674	1.609	-0.973	1.6	0.368	-0.094	0.196	-1.488	1.804	0.74	0.544	1.931	0.486	1.463	0.613	0.426	0.925	1.359
-1.027	-1.247	-2.269	-2.406	-1.246	-1.818	-2.972	-1.404	-2.411	-3.427	-1.6	-2.831	-3.792	-2.783	-1.983	-2.122	-2.861	-1.159	-1.052	-4.801
7.912	7.306	6.315	7.422	6.788	7.556	7.456	6.919	6.962	6.98	7.195	7.621	7.106	6.156	7.14	7.343	7.327	6.568	7.431	7.437
5.366	5.079	5.203	4.871	5.4	5.984	5.467	6.049	4.876	4.868	3.927	4.015	3.933	3.267	3.283	4.25	3.757	3.987	4.843	3.93
4.878	4.665	3.919	4.796	4.752	4.602	4.391	4.879	4.783	4.497	4.195	4.663	5.709	2.635	4.587	4.879	5.183	3.162	4.347	4.2
6.192	4.989	5.55	5.412	5.105	5.914	4.73	4.993	4.71	5.054	5.372	4.887	6.1	5.629	5.111	5.134	5.43	5.661	5.768	5.341
-6.665	-2.963	-4.385	-0.706	-2.371	-1.818	-0.842	-3.24	-0.826	-2.427	-0.933	-3.001	-4.529	-0.425	-1.567	-2.952	-2.331	-1.797	-3.199	-1.342
2.865	3.33	2.235	2.266	2.241	2.518	2.571	2.444	2.201	2.138	2.705	2.926	2.41	2.31	2.969	2.809	2.662	2.791	2.605	2.802
3.992	4.626	4.957	4.447	4.789	4.216	3.931	4.903	4.369	4.869	3.536	4.157	2.638	3.419	3.907	3.29	3.3	3.744	4.081	3.454
6.596	6.883	7.121	7.616	7.23	7.557	6.811	7.307	7.556	7.377	7.324	7.695	6.919	8.398	8.018	7.466	6.974	7.917	6.81	7.627
2.047	1.136	-0.415	0.031	-1.246	-0.96	2.52	-2.588	1.072	-1.924	1.08	-0.194	-1.207	1.618	-0.304	-0.567	0.969	-0.507	0.334	2.286
7.095	6.834	7.724	7.066	7.292	6.813	6.914	7.642	7.765	7.666	6.632	6.524	6.091	6.388	7.203	8.084	6.691	6.745	6.687	6.47
6.439	7.746	7.17	7.607	6.929	7.065	7.431	7.073	7.208	7.702	7.285	7.187	6.341	7.82	7.116	7.523	8.153	7.528	7.578	7.484
6.821	7.027	5.917	6.27	4.559	7.414	6.304	5.061	4.766	5.359	6.522	7.773	5.776	4.822	5.677	4.787	6.871	5.473	5.787	7.088
-4.396	-6.665	-3.648	-2.821	-2.509	-6.665	-4.387	-4.048	-6.665	-6.665	-4.103	-3.679	-3.529	-6.665	-2.43	-4.122	-3.446	-4.967	-4.421	-6.665
5.376	6.103	5.979	6.402	5.648	5.868	5.809	6.258	5.988	6.341	5.851	5.369	5.441	6.402	6.657	5.502	6.399	6.019	6.187	5.923
4.454	4.402	4.54	4.502	4.204	3.969	4.047	3.682	3.948	4.096	3.874	3.641	3.103	3.603	4.54	4.128	4.07	3.228	3.439	4.016
0.394	-4.771	-2.648	-1.821	-3.831	-3.818	-2.65	-5.048	-2.411	-2.204	-3.366	-3.679	-6.665	-6.665	-4.304	-3.537	-5.031	-4.382	-3.199	-6.665
5.894	6.471	5.935	6.098	6.142	7.439	5.897	6.487	6.197	6.881	6.146	5.983	6.497	6.157	5.976	6.176	6.375	6.355	6.019	5.33
5.6	5.005	4.954	5.016	4.594	5.114	5.905	5.085	5.089	5.12	5.176	5.277	5.474	5.293	4.876	4.816	5.141	5.806	4.932	4.343
8.242	8.437	8.405	8.18	7.797	8.248	7.913	8.417	8.579	8.446	7.851	8.214	6.924	6.863	7.692	8.065	7.982	7.976	8.034	7.766
4.822	4.435	4.739	4.396	4.4	4.568	4.211	4.849	4.767	4.563	3.802	3.946	5.008	3.124	5.118	4.472	4.176	3.661	4.286	3.623
6.059	5.417	4.803	5.082	4.587	4.713	5.237	4.947	5.073	4.851	5.023	5.431	5.323	5.153	4.393	4.477	4.772	5.379	5.176	5.086
-4.396	-6.665	-4.385	-6.665	-6.665	-6.665	-4.387	-4.463	-6.665	-5.012	-2.518	-4.416	-3.306	-6.665	-3.082	-4.537	-3.224	-4.382	-6.665	-2.994
4.805	6.421	5.777	6.018	5.078	5.37	5.399	5.543	6.016	5.808	5.037	4.937	4.917	5.755	6.182	6.153	5.01	5.629	4.815	4.64
5.624	6.802	6.477	6.258	6.074	5.839	6.256	6.23	6.149	6.215	6.12	6.11	6.75	5.72	6.159	6.366	6.631	6.261	6.654	5.765
5.233	4.384	4.184	4.368	4.101	4.451	4.614	4.247	5.052	4.441	3.907	4.657	4.031	3.972	4.616	4.602	4.105	4.444	4.456	4.254
5.931	5.108	7.203	6.054	6.542	5.698	5.925	7.064	7.125	7.005	5.68	5.521	4.995	4.508	5.979	6.401	5.218	4.649	5.268	5.435
7.684	8.236	7.447	7.282	7.059	8.203	7.162	6.91	7.144	7.421	7.589	7.901	7.59	6.788	7.854	7.345	8.237	7.856	7.789	8.033
3.066	2.905	3.916	3.412	3.645	2.841	3.395	3.841	4.364	4.016	3.376	2.553	2.944	2.709	3.72	3.327	3.324	2.841	3.418	3.165
1.248	0.399	1.894	1.879	1.18	1.259	1.116	1.37	2.275	1.158	2.06	1.097	2.081	2.614	2.047	2.603	1.98	1.922	1.638	1.328
0.634	-3.771	0.439	-1.532	-3.246	1.125	0.178	-5.048	-0.661	-1.764	3.755	0.065	-1.866	0.875	-0.935	-3.537	3.178	2.337	0.437	2.153
0.677	1.991	3.083	4.072	2.835	2.6	4.339	3.724	3.33	1.943	1.92	2.857	4.581	1.1	4.9	1.613	0.864	3.957	3.827	5.044
5.095	4.504	5.237	5.331	5.575	5.159	5.092	5.41	5.794	5.329	5.272	4.425	4.549	5.435	5.104	5.141	5.21	4.968	5.324	4.926
2.3	2.081	2.292	2.638	1.518	2.869	2.438	2.205	2.661	2.647	2.734	2.822	3.144	2.234	2.754	2.742	2.477	2.373	2.514	2.232
5.266	5.238	6.137	5.889	5.731	5.191	5.53	6.112	6.218	6.445	5.214	4.827	4.589	4.639	5.376	5.827	5.112	5.626	5.257	4.623
5.125	5.215	4.634	4.148	4.159	5.092	3.782	4.625	4.548	4.29	4.701	4.403	5.096	3.967	4.572	4.276	4.848	4.822	4.619	4.5
8.139	7.439	7.828	8.138	8.084	8.621	7.761	7.954	8.164	8.028	7.856	7.522	8.141	7.374	7.405	7.534	7.53	7.421	7.762	7.613
-4.396	-2.771	-6.665	-6.665	-6.665	-2.01	-2.512	-4.463	-3.548	-6.665	-4.688	-4.416	-6.665	-2.461	-3.082	-6.665	-2.572	-0.185	-3.684	-2.342
-0.027	0.639	0.554	1.148	0.842	-0.391	1.305	-0.003	1.918	-1.012	-0.688	-0.024	-1.069	2.2	-0.889	0.686	-0.25	-0.266	0.386	1.784
-3.659	-4.186	-4.97	-6.665	-6.665	-4.233	-3.65	-4.463	-6.665	-4.427	-2.366	-3.679	-6.665	-2.323	-3.567	-3.8	-3.031	-3.159	-3.199	-2.994
5.589	4.926	4.404	4.431	4.032	4.791	4.946	4.053	4.606	4.171	4.742	4.361	5.474	4.629	4.055	4.533	4.55	4.773	4.764	5.078
-3.981	-6.665	-2.8	-2.669	-3.246	-1.01	-6.665	-3.463	-1.548	-3.427	-1.781	-2.679	-2.114	-2.082	-4.304	-3.8	-2.861	-1.507	-1.547	-1.631
-6.665	-6.665	-6.665	-6.665	-6.665	-6.665	-6.665	-1.19	-6.665	-6.665	-6.665	-6.665	-6.665	-6.665	-4.889	-6.665	-6.665	-6.665	-6.665	-6.665
-0.893	1.468	-3.648	0.997	-0.924	-0.863	0.643	-1.141	-1.622	-0.397	0.722	-0.644	0.501	1.346	2.446	-2.122	-0.1	0.162	0.316	0.608
5.57	5.41	4.769	4.605	4.362	5.605	5.035	4.56	4.696	4.397	5.112	5.043	5.79	4.876	5.471	5.125	5.365	5.592	4.925	4.973
5.592	5.886	4.525	5.551	4.394	5.28	5.224	4.339	4.822	4.559	5.457	4.621	4.368	5.773	5.272	4.926	4.879	5.3	5.681	5.24
-6.665	-6.665	-6.665	-6.665	-6.665	-6.665	-6.665	-6.665	-6.665	-6.665	-6.665	-6.665	-6.665	-6.665	-6.665	-1.314	-5.031	-6.665	-6.665	-6.665
2.495	2.004	1.561	1.939	2.45	2.352	2.323	2.424	2.119	2.097	1.905	1.678	2.337	2.305	1.68	2.154	2.24	1.633	1.673	2.384
6.598	6.493	5.369	6.383	6.048	6.437	6.613	6.211	5.876	6.208	6.616	6.764	6.467	6.103	6.452	6.703	6.589	6.264	6.723	6.628
7.429	7.258	6.925	6.817	6.922	7.137	7.208	6.762	6.999	7.073	6.69	7.019	6.049	6.416	6.907	7.198	6.862	6.558	7.246	6.823
5.609	4.587	4.978	5.261	5.53	5.174	6.027	5.085	4.933	4.715	5.631	5.099	5.142	5.16	4.44	5.042	5.361	4.945	5.691	5.976
2.323	0.997	-3.385	-0.904	-4.831	-3.233	2.736	-4.463	-1.622	-3.69	0.579	-0.753	-1.59	-0.198	-2.889	-0.507	0.554	-1.507	-0.482	2.556
4.906	4.261	5.28	4.31	4.934	4.994	3.711	5.453	5.348	4.598	3.216	3.454	2.858	1.832	2.921	2.354	3.243	3.489	4.294	3.859
5.476	5.238	5.152	4.837	4.946	4.824	5.259	4.986	5.34	5.058	5.312	4.926	5.8	4.64	4.674	4.745	5.359	5.105	5.838	5.341
-6.665	-2.07	-3.163	-6.665	-3.246	-4.233	-3.387	-6.665	-3.063	-6.665	-6.665	-6.665	-6.665	-2.198	-3.567	-0.912	-6.665	-4.382	-6.665	-6.665
1.248	1.542	0.731	1.556	0.924	1.625	0.257	-0.24	0.988	0.73	1.897	0.685	1.687	1.81	1.898	0.633	0.669	1.223	1.343	1.617
-6.665	-6.665	-6.665	-6.665	-6.665	-6.665	-6.665	-6.665	-6.665	-6.665	-6.665	-6.665	-6.665	-6.665	-6.665	-6.665	-6.665	-4.382	-6.665	-6.665
4.146	4.604	4.295	4.516	3.758	3.795	4.048	4.271	4.426	4.46	3.782	4.482	3.947	3.456	4.303	4.484	4.523	4.025	4.114	3.799
-6.665	-6.665	-6.665	-6.665	-6.665	-6.665	-6.665	-6.665	-6.665	-6.665	-6.665	-6.665	-6.665	-6.665	-6.665	-6.665	-6.665	-6.665	-6.665	-6.665
4.485	2.737	-3.648	0.275	-3.831	1.977	3.634	-2.878	0.589	-3.012	4.557	1.256	0.394	2.787	0.554	1.2	3.839	2.493	1.687	4.96
-0.893	-0.963	-4.385	-1.406	-1.371	-2.117	-0.512	-3.24	-1.478	-3.69	1.531	-0.609	-3.306	0.846	-1.43	-6.665	1.226	0.337	0.203	1.153
7.781	7.528	7.637	7.559	7.618	7.383	7.451	7.359	6.991	7.585	7.254	7.941	8.082	7.161	7.84	7.305	7.583	7.995	8.004	7.103
4.762	5.085	4.765	4.58	4.872	4.669	4.579	4.659	4.765	4.789	4.118	4.601	5.261	4.037	3.628	4.27	4.304	3.954	4.319	4.5
5.675	5.222	4.26	4.854	4.764	5.15	5.499	3.847	4.871	3.898	5.193	5.129	5.059	5.865	4.544	4.55	5.358	5.504	5.411	5.619
5.984	7.083	5.922	6.599	6.321	6.15	6.608	6.034	6.024	6.343	5.422	6.014	5.492	6.86	6.096	6.438	5.375	5.979	5.874	5.746
1.691	1.822	0.6	1.218	1.629	0.752	2.617	0.653	1.661	0.31	2.97	2.404	1.456	1.795	-0.889	2.227	1.056	1.67	1.279	2.892
5.489	4.842	4.507	4.625	4.437	4.88	5.069	4.503	4.642	4.374	5.049	3.931	4.902	4.697	5.063	4.72	4.547	4.298	4.242	4.975
1.833	0.689	-1.446	0.237	-2.246	2.221	1.208	-2.24	-0.7	-1.619	1.897	1.727	2.852	1.627	0.931	0.966	2.453	0.648	2.352	1.328
4.804	4.876	4.747	4.947	5.059	4.531	4.849	4.63	4.766	4.32	4.78	4.783	5.791	5.016	4.969	5.752	5.378	5.078	4.936	5.061
3.383	3.935	3.261	4.057	3.602	2.778	4.468	3.13	4.208	3.383	3.605	3.484	2.872	4.183	3.903	3.809	3.963	4.432	4.336	4.15
4.026	-3.449	-4.385	-2.291	-4.246	-6.665	-4.387	0.68	-6.665	-4.427	-6.665	-6.665	-6.665	-4.198	-2.43	-6.665	-4.446	-4.382	-3.199	0.006
5.184	5.452	5.057	5.137	4.778	5.322	4.999	4.69	5.14	5.029	5.034	5.519	4.795	4.811	5.106	5.016	4.9	4.856	4.649	5.079
4.577	4.229	3.973	3.819	4.412	3.684	4.276	3.641	3.979	3.466	4.686	3.694	3.239	4.839	3.127	2.717	4.341	4.254	4.598	4.868
-3.981	-4.186	-3.97	-4.991	-2.13	-6.665	-4.972	-3.24	-3.87	-6.665	-3.366	-3.679	-1.47	-6.665	-2.719	-6.665	-6.665	-4.382	-4.421	-1.801
-0.004	1.93	-0.189	3.876	2.464	0.575	1.359	0.639	1.865	1.264	2.734	1.657	-0.47	1.239	-1.031	2.173	2.222	1.841	2.441	1.398
-3.659	-2.963	-4.97	-6.665	-4.246	-4.233	-6.665	-6.665	-6.665	-3.69	-2.88	-3.194	-3.792	-3.783	-2.189	-3.8	-2.861	-6.665	-3.199	-2.994
4.238	3.027	3.807	3.211	3.551	3.555	3.768	4.547	4.426	3.425	3.643	3.387	3.564	3.541	2.842	2.95	3.402	3.559	3.554	3.644
4.804	3.719	4.209	4.774	4.358	4.457	4.522	4.69	4.615	4.372	4.439	4.912	4.485	5.156	4.482	4.629	4.588	4.734	4.39	5.454
5.185	4.907	3.852	3.86	3.103	4.522	4.729	3.154	3.896	4.136	4.471	4.861	4.568	4.353	4.482	4.174	4.665	5.332	5.214	4.494
0.462	0.274	0.811	0.723	0.739	0.54	1.137	-0.32	0.898	-0.339	1.301	0.302	0.378	1.643	-0.802	0.182	1.77	0.281	1.502	2.135
4.384	4.439	4.175	5.462	4.831	4.811	5.633	4.049	5.175	5.039	5.399	4.84	5.802	5.672	5.026	6.039	5.101	6.087	5.945	5.151
5.055	4.528	4.6	4.628	4.546	5.462	4.979	4.771	4.552	4.766	5.089	4.812	3.974	5.359	5.09	4.588	4.874	4.691	4.784	4.889
5.865	6.595	5.248	6.445	5.188	4.941	6.152	4.515	4.409	5.954	5.908	5.793	3.856	6.3	4.569	5.851	5.906	6.446	5.743	5.767
4.732	4.446	5.048	5.098	4.873	4.315	4.712	4.984	5.698	5.189	4.645	4.759	4.235	5.232	4.511	5.512	4.784	5.0	4.748	4.565
1.833	1.943	2.494	2.496	2.384	1.977	2.062	1.747	2.147	2.016	2.272	2.184	2.208	1.802	2.011	2.776	1.912	2.257	2.583	1.892
-6.665	-4.771	-6.665	-6.665	-6.665	-6.665	-6.665	-6.665	-6.665	-6.665	-6.665	-6.665	-5.114	-6.665	-6.665	-6.665	-6.665	-6.665	-6.665	-6.665
3.523	3.238	2.792	3.003	1.842	3.848	2.598	2.132	2.354	2.668	3.529	3.846	3.749	2.183	4.101	3.996	3.366	2.9	3.161	4.054
-3.659	-1.683	-3.163	-6.665	-3.023	-3.818	-3.65	-5.048	-3.87	-2.552	-2.228	-3.679	-1.026	-1.613	-2.304	-4.537	-5.031	-3.645	-3.684	-2.216
5.543	5.506	5.523	5.556	5.48	5.327	5.464	4.845	5.446	5.768	5.226	5.419	6.209	5.054	5.657	5.603	5.471	5.834	5.719	5.832
4.409	4.504	4.808	4.808	4.996	5.255	4.481	5.051	5.341	4.858	4.352	4.683	5.4	4.544	5.077	4.946	5.311	5.165	4.474	4.888
7.607	7.572	6.745	7.009	7.233	7.237	7.864	6.484	6.45	7.247	7.449	7.505	6.415	7.611	6.845	6.864	7.477	7.405	7.453	7.497
4.066	3.033	2.21	2.375	1.288	2.065	3.798	2.27	2.29	2.472	2.34	1.906	0.744	3.264	3.421	1.987	2.631	3.134	3.139	3.47
4.701	4.602	3.594	3.278	3.557	4.609	2.974	4.089	3.431	3.73	2.006	2.143	1.244	0.407	1.57	0.711	1.598	2.489	3.249	2.389
3.515	4.103	3.579	3.636	3.529	3.332	3.763	3.087	4.034	3.577	3.464	3.391	3.473	3.289	4.305	3.851	3.236	3.718	3.108	3.525
3.33	2.613	2.396	2.031	2.693	2.16	3.14	1.841	2.905	2.236	3.326	1.844	2.144	2.839	1.349	2.342	2.744	2.369	2.942	3.331
6.768	5.421	7.267	6.254	6.119	6.621	5.143	5.608	4.54	6.965	5.687	5.559	5.345	4.571	5.051	5.059	5.734	5.407	4.995	4.933
5.741	5.818	5.043	5.556	4.5	5.431	5.992	4.63	4.797	4.752	5.769	5.743	5.527	6.493	4.712	5.201	6.227	6.29	5.929	6.101
4.437	3.768	1.17	3.223	1.964	2.6	2.617	0.871	2.526	2.614	3.83	2.421	2.654	3.912	1.999	3.145	2.914	2.996	2.391	3.614
3.818	4.593	3.748	4.038	3.538	3.714	3.849	3.276	3.832	3.609	4.172	3.928	3.812	4.348	4.337	4.31	3.977	4.217	3.836	3.868
0.411	-0.07	3.157	1.053	3.183	1.721	2.544	2.04	3.113	2.208	3.378	1.312	-1.59	2.596	0.537	2.023	1.245	2.319	2.502	2.159
5.941	5.759	5.789	5.86	5.788	5.971	5.653	5.923	6.168	5.812	5.258	5.247	5.733	4.766	5.729	6.158	5.495	4.819	5.632	5.584
5.153	5.083	5.641	5.017	5.68	4.915	5.109	5.46	5.326	5.627	4.599	4.968	4.78	4.835	4.771	4.557	4.697	5.113	3.852	4.867
5.513	5.632	5.412	5.408	5.379	5.729	5.306	5.256	4.824	5.361	5.58	5.941	5.992	5.851	5.952	5.333	5.769	5.331	5.404	5.549
6.266	7.181	6.746	6.902	6.604	6.722	6.315	6.588	5.96	6.68	5.199	6.285	5.394	4.731	6.992	6.495	3.839	5.19	6.554	5.364
0.209	-0.726	0.007	-0.014	0.359	-1.496	0.971	-2.048	-0.741	-2.552	0.12	-0.329	0.134	1.251	-1.641	-0.478	0.139	-0.681	0.334	1.389
5.265	5.757	6.144	6.052	6.327	5.533	4.925	6.158	5.161	5.831	4.921	6.003	5.596	4.819	5.826	6.142	5.276	5.346	5.193	4.994
5.35	4.652	3.252	4.465	4.082	4.931	5.101	2.589	4.116	2.94	5.501	5.045	5.239	6.131	4.209	4.539	5.846	5.725	5.711	5.9
4.134	4.809	4.389	4.328	4.405	3.741	3.564	4.048	4.476	4.379	3.786	4.392	4.683	4.127	3.975	4.251	4.097	4.146	3.622	3.903
-3.981	-4.771	-6.665	-4.406	-6.665	-4.818	-6.665	-6.665	-6.665	-6.665	-6.665	-6.665	-6.665	-6.665	-4.889	-6.665	-5.031	-6.665	-6.665	-4.216
-0.004	2.279	2.663	0.348	1.777	0.113	0.886	2.961	1.505	1.675	-0.781	-2.301	1.479	1.918	0.68	-0.239	-0.077	-0.159	-0.173	-0.714
6.191	5.872	6.274	6.151	5.755	6.315	5.957	6.098	6.492	6.035	6.279	6.037	6.334	5.319	6.052	6.246	5.971	5.704	5.761	5.887
-0.937	0.902	-0.8	-0.991	-0.924	-0.911	-0.357	-1.094	0.084	-1.057	-0.262	-0.387	-1.413	-1.695	0.377	-1.077	-0.539	-0.719	0.518	0.348
-3.659	-6.665	-6.665	-3.669	-4.246	-6.665	-4.387	-0.655	-2.7	-2.69	-6.665	-6.665	-6.665	2.372	-2.719	-5.122	-6.665	-4.382	-6.665	-6.665
-4.981	-6.665	-6.665	-6.665	-6.665	-6.665	-6.665	-6.665	-6.665	-6.665	-6.665	-6.665	-6.665	-6.665	-4.889	-6.665	-6.665	-6.665	-6.665	-6.665
3.704	3.542	3.548	4.0	3.366	3.642	3.837	3.294	3.846	3.522	2.92	3.51	3.537	3.359	4.001	3.822	2.941	3.069	3.314	3.268
1.733	-0.449	-0.385	1.803	1.951	-0.608	1.126	0.625	-0.142	0.603	0.705	-0.914	0.614	0.875	-0.246	-0.478	-1.387	1.964	0.96	0.389
-6.665	-6.665	-6.665	-6.665	-6.665	-6.665	-6.665	-6.665	-6.665	-6.665	-6.665	-6.665	-6.665	-6.665	-6.665	-6.665	-6.665	-6.665	-6.665	-6.665
8.246	8.632	8.208	8.493	8.027	8.819	8.352	8.399	7.833	8.766	8.528	8.795	8.592	9.247	8.696	7.994	9.072	8.888	8.839	8.431
2.914	3.293	2.943	2.966	2.911	3.194	2.669	3.04	3.136	2.431	2.139	2.747	2.291	2.575	2.32	2.96	2.254	2.443	2.429	2.451
6.156	5.683	6.511	6.176	6.18	5.974	5.66	6.738	6.281	6.592	5.674	5.638	6.087	5.159	6.036	5.809	5.79	5.105	6.187	5.399
5.531	5.828	5.404	5.26	5.495	5.914	5.206	5.668	5.512	5.608	5.369	5.379	5.377	5.335	5.091	5.272	5.032	4.853	4.805	5.092
4.586	5.316	4.841	4.266	4.505	4.188	4.188	4.364	4.765	3.408	4.635	4.694	5.421	4.393	4.815	4.424	4.797	4.835	4.556	4.435
6.215	7.013	6.884	6.922	6.579	6.618	6.771	6.561	7.208	6.78	6.396	6.335	5.728	6.64	6.381	6.816	6.371	6.694	6.342	6.154
3.359	3.112	2.967	3.156	3.422	3.828	3.233	2.895	3.6	2.963	2.92	3.585	2.984	3.482	2.787	2.394	2.929	2.946	2.886	3.312
-1.457	1.439	4.185	2.122	3.354	-3.01	-2.802	5.426	2.3	3.494	-2.366	-2.416	-3.114	-2.783	0.892	0.522	-0.077	-0.967	1.966	-2.342
2.684	1.697	0.703	1.829	1.339	2.022	2.252	0.653	1.415	0.977	2.482	2.832	1.835	3.387	1.088	1.536	2.842	3.072	2.718	2.442
2.6	3.46	3.195	2.867	3.118	0.392	2.729	3.856	2.759	3.551	2.584	3.244	3.337	1.795	3.387	2.779	2.949	3.419	3.272	2.903
3.754	4.573	4.123	4.009	3.496	4.286	3.813	4.165	4.277	4.069	3.611	3.838	3.55	2.776	5.292	4.453	3.685	3.805	3.525	3.625
3.691	2.791	1.473	2.548	1.147	3.491	2.341	1.816	3.356	1.431	2.467	2.242	3.814	2.601	1.25	2.463	2.198	2.882	2.482	2.398
5.171	5.353	4.704	5.148	4.759	4.843	4.78	4.663	5.061	4.985	3.749	4.603	3.839	4.741	4.294	4.582	3.966	4.463	4.629	4.238
7.215	6.552	7.294	7.077	6.693	7.012	6.993	7.306	7.514	6.882	6.363	6.539	5.787	6.001	6.061	6.282	6.274	6.334	6.309	5.956
-6.665	-4.186	-6.665	-6.665	-6.665	-6.665	-6.665	-6.665	-6.665	-6.665	-6.665	-6.665	-6.665	-6.665	-6.665	-6.665	-6.665	-3.645	-6.665	-6.665
3.929	4.247	-0.926	2.524	1.544	3.296	3.403	2.582	1.844	0.178	3.263	4.722	3.677	3.278	1.029	2.173	3.441	3.603	2.798	3.652
5.65	5.902	5.72	5.6	5.486	5.533	5.468	5.285	5.733	4.611	5.615	5.724	6.364	5.615	6.032	5.859	6.135	5.729	5.918	5.672
6.633	5.854	6.469	7.617	8.161	6.421	7.649	6.275	6.401	6.401	7.174	5.999	6.936	7.432	5.498	6.695	6.553	7.05	6.626	7.333
5.597	5.828	4.766	4.964	4.523	5.587	4.902	4.396	4.975	4.727	5.126	5.288	5.583	4.85	5.064	4.813	5.359	5.475	5.197	4.937
3.683	3.417	4.68	4.284	4.51	4.213	3.425	4.766	4.666	4.512	4.124	4.198	5.021	3.808	4.129	4.79	4.524	4.322	4.103	4.094
3.39	2.78	3.777	3.656	3.103	3.018	3.243	3.752	4.176	3.889	3.37	3.738	3.865	3.637	4.034	4.415	3.479	3.43	3.494	3.27
4.096	4.689	5.401	4.608	5.421	3.954	4.828	5.216	5.282	5.3	3.431	3.713	2.519	2.729	3.69	3.84	2.767	3.721	4.761	3.77
3.505	3.133	3.872	3.422	3.388	3.634	3.054	3.13	2.799	3.153	3.173	2.53	2.968	2.211	3.071	2.321	2.437	2.213	2.022	2.91
3.016	3.03	2.907	2.649	3.559	1.531	2.78	0.871	1.47	2.977	2.295	2.727	3.805	3.142	2.602	1.698	2.366	4.06	2.858	4.556
7.575	7.222	6.777	7.705	7.236	7.05	7.978	6.338	7.193	6.781	8.068	7.607	8.413	8.934	6.908	7.593	7.582	8.257	7.442	8.145
2.754	2.772	3.325	3.713	3.57	3.243	3.739	2.653	4.688	2.968	5.668	1.699	3.224	4.707	1.838	3.048	3.252	3.402	3.445	5.249
3.316	1.468	-0.355	1.34	1.427	-0.57	3.425	0.823	1.0	-0.368	1.588	1.032	0.312	3.305	0.414	-0.289	1.387	0.618	0.901	2.547
5.758	5.94	6.176	6.111	6.109	5.594	5.818	5.961	6.434	6.297	5.731	5.278	5.059	5.941	5.871	6.295	5.171	5.366	5.85	5.552
3.025	3.319	3.249	3.096	2.773	2.851	2.813	2.927	3.49	3.156	2.243	3.112	1.654	1.965	2.099	2.15	2.587	2.876	2.769	1.987
3.394	3.439	3.736	3.658	3.509	2.931	4.377	3.513	3.593	2.585	4.621	3.307	3.796	5.124	2.996	3.663	4.438	4.099	4.764	4.743
-6.665	-6.665	-6.665	-6.665	-6.665	-6.665	-6.665	-6.665	-6.665	-3.204	-6.665	-6.665	-6.665	-6.665	-6.665	-4.122	-6.665	-4.967	-6.665	-4.216
1.519	1.024	0.096	-0.821	-0.158	0.625	-0.19	-1.094	-1.115	0.054	-1.295	-1.831	2.279	-2.976	2.943	1.529	-6.665	0.183	-1.251	-0.216
3.352	3.484	3.146	3.9	3.424	3.24	3.755	2.649	3.18	3.466	2.985	3.414	4.151	3.921	4.062	3.229	3.022	3.413	3.213	4.028
6.897	7.09	5.513	6.387	5.448	6.925	6.51	5.662	6.233	4.843	6.743	7.08	6.568	6.711	6.044	6.483	7.259	7.17	7.008	6.673
3.181	4.253	4.4	3.765	4.136	3.229	3.423	4.147	4.182	3.178	3.321	3.874	3.885	3.566	3.981	3.362	4.115	4.272	3.8	3.565
5.479	4.433	3.641	4.338	3.612	5.9	5.664	3.2	4.05	3.486	5.746	5.301	6.452	6.532	4.748	4.901	6.194	6.105	6.058	6.381
6.358	6.224	5.731	5.017	5.26	6.448	5.3	5.977	5.841	5.7	5.726	5.099	7.173	4.952	4.936	5.785	5.65	5.182	5.72	5.441
4.532	3.265	2.751	3.627	2.701	3.555	3.845	3.347	2.185	2.799	3.674	3.382	3.929	4.874	3.64	4.109	3.55	2.9	3.658	4.294
3.823	3.103	3.32	4.096	2.87	3.286	3.442	3.127	3.597	2.88	2.981	2.97	2.909	3.945	2.481	2.459	2.941	3.094	3.537	3.084
2.416	2.037	3.175	2.977	2.309	3.461	2.04	2.769	2.249	1.815	2.67	2.198	3.682	1.945	2.187	2.875	3.121	2.568	2.571	2.006
2.681	1.477	-1.97	-0.014	-1.509	-0.648	4.16	-2.347	-0.198	-1.204	1.462	1.043	-1.59	1.475	-1.889	0.551	2.707	-0.412	1.232	2.983
5.276	4.989	5.331	5.217	5.333	5.352	4.708	5.434	5.453	5.518	4.888	4.597	4.504	4.624	4.779	4.955	4.314	4.893	4.301	4.737
8.257	7.71	8.83	8.097	8.478	8.225	8.305	8.345	7.85	8.673	7.813	8.265	8.854	7.369	7.655	7.731	8.536	7.94	8.187	8.099
4.194	4.13	4.371	4.2	4.436	3.031	4.104	4.044	4.658	4.502	3.814	3.864	4.071	4.158	3.83	4.281	3.916	4.273	4.225	4.367
7.449	7.45	6.295	6.152	6.069	7.29	6.331	6.43	6.076	6.437	6.851	6.606	6.703	5.809	6.554	5.811	6.696	6.406	6.687	6.897
-6.665	-6.665	-6.665	-6.665	-6.665	-4.233	-3.65	-6.665	-6.665	-6.665	-3.688	-6.665	-6.665	-6.665	-6.665	-4.537	-6.665	-6.665	-3.684	-4.216
6.123	3.772	1.396	3.496	4.499	3.286	4.998	1.476	3.327	1.198	2.598	2.664	3.784	6.584	1.405	4.088	3.331	4.182	3.547	4.521
0.648	-0.963	0.674	0.652	-0.076	0.16	-0.017	-0.025	0.669	0.033	0.462	0.086	1.076	-0.829	1.005	0.508	0.327	0.525	-0.029	0.307
5.122	5.362	4.891	4.937	4.699	4.771	4.838	5.072	5.269	5.278	5.141	5.103	5.328	4.843	4.571	5.164	5.457	5.224	4.764	4.725
2.577	1.859	2.225	1.198	2.152	1.658	1.536	1.247	1.95	1.488	1.788	2.803	-0.985	1.063	1.3	2.249	2.164	1.987	1.51	1.974
-1.396	-2.963	-2.385	-2.291	-3.509	-3.496	-2.164	-6.665	-4.285	-3.012	-0.734	-2.679	-1.59	-2.198	-0.567	-1.874	-1.783	-3.967	-2.006	-1.631
6.079	5.963	6.16	6.246	5.707	6.745	5.6	6.107	6.169	6.437	5.468	5.869	6.773	5.613	6.535	6.126	5.924	6.086	6.326	5.758
3.996	4.121	3.958	4.172	3.758	3.522	3.654	3.745	4.407	3.716	3.509	3.454	3.458	4.285	2.889	4.263	3.578	3.609	3.247	3.21
7.28	7.89	7.159	7.32	6.668	6.889	6.513	7.46	6.667	7.364	6.744	6.319	6.254	7.157	8.574	6.673	6.343	7.306	7.32	6.451
1.877	1.1	-1.016	0.997	-0.473	0.737	2.252	-1.048	-0.226	-0.585	2.34	1.293	1.425	3.346	0.943	0.253	2.183	1.451	1.123	2.135
-1.226	-1.07	-2.648	-1.991	-2.831	-1.063	-2.271	-2.878	-2.548	-2.311	-0.987	-0.478	-1.16	0.931	-1.497	-0.952	0.309	-0.541	-1.421	-2.631
9.157	9.209	9.182	9.656	9.678	9.7	9.256	10.179	9.794	9.888	10.994	8.728	7.612	9.851	9.409	9.257	9.43	9.237	9.324	8.806
5.254	5.351	4.646	5.266	4.427	5.632	5.099	4.746	4.586	4.692	5.47	5.776	5.513	4.679	5.397	5.888	5.342	4.502	4.736	5.278
3.986	3.284	2.996	4.0	3.241	4.394	3.198	4.157	2.963	4.348	1.956	2.624	0.886	-0.829	1.892	0.606	1.737	2.083	3.116	1.714
5.027	5.0	5.399	5.31	5.237	5.663	5.466	4.522	5.14	5.611	4.674	4.987	6.074	4.227	5.612	6.024	4.906	4.641	5.109	4.635
5.061	4.361	4.132	5.094	4.112	5.359	5.621	3.895	3.908	4.133	5.222	4.56	4.264	5.762	5.461	4.854	6.055	4.641	6.355	4.645
3.784	3.186	3.061	3.117	2.813	3.817	3.24	3.2	2.392	3.173	3.792	2.816	3.071	1.802	2.718	2.533	2.986	3.058	3.42	3.159
-4.396	-6.665	-1.063	-6.665	-6.665	-2.233	0.094	-0.32	-6.665	-4.427	-1.688	-6.665	-6.665	-6.665	-6.665	-6.665	-6.665	0.509	-3.006	-6.665
6.646	6.662	7.429	7.235	8.083	7.742	7.569	7.38	7.024	7.25	7.71	7.238	6.605	7.036	5.261	7.916	6.628	7.321	7.934	7.847
5.564	5.157	5.122	5.122	5.036	5.602	5.302	4.669	4.907	4.761	5.45	5.701	6.146	4.886	5.613	5.529	5.518	5.546	5.423	5.376
-6.665	-4.771	-4.385	-3.184	-4.246	-3.01	-4.972	-6.665	-3.285	-3.427	-2.366	-3.679	-6.665	4.45	-2.082	-3.314	-3.031	-0.443	-3.421	-1.801
-2.396	-3.771	-3.97	-2.532	-2.246	-6.665	-6.665	-4.463	-4.285	-3.69	-6.665	-1.679	-6.665	-6.665	-1.889	-3.8	-4.446	-2.797	-6.665	-4.801
6.263	5.756	6.582	6.644	6.528	6.426	6.625	6.553	6.803	6.697	6.293	5.91	6.264	6.496	6.399	6.359	6.384	6.74	6.022	6.602
5.74	3.924	1.249	2.87	1.964	2.352	5.17	1.292	2.119	1.398	3.776	3.13	2.931	4.206	1.414	2.695	4.16	2.946	3.784	5.277
3.248	3.34	3.03	3.792	3.347	3.712	3.281	3.251	3.368	3.484	3.077	3.256	3.248	3.796	2.825	2.936	3.247	3.673	3.235	3.121
5.592	5.776	5.977	6.158	5.597	5.426	5.263	5.818	5.995	6.362	5.703	5.779	6.046	5.78	6.575	6.751	6.077	5.983	5.961	5.65
1.787	0.252	0.37	-0.084	0.661	-1.063	-0.387	0.292	-0.316	-0.034	-0.015	-0.329	-2.792	-1.876	0.281	-0.034	-1.783	-0.443	-0.225	-0.129
5.637	5.318	6.189	5.319	5.51	5.917	6.052	6.296	6.145	6.333	5.206	5.475	6.002	5.47	5.143	5.275	5.489	5.668	5.76	5.284
4.633	3.436	0.278	2.344	1.359	1.658	4.918	1.181	1.638	1.118	2.487	2.624	2.3	2.942	2.801	2.613	3.402	2.147	2.638	4.307
