NM_032410	NM_032410	ENSG00000168172	HOOK3
NM_032809	NM_032809	ENSG00000148343	MIGA2
NM_130781	NM_130781	ENSG00000169228	RAB24
NM_133367	NM_133367	ENSG00000170915	PAQR8
NM_004798	NM_004798	ENSG00000101350	KIF3B
NM_144657	NM_144657	ENSG00000165259	HDX
NM_019844	NM_019844	ENSG00000111700	SLCO1B3
NM_133450	NM_133450	ENSG00000168096	ANKS3
NM_000784	NM_000784	ENSG00000135929	CYP27A1
NM_020361	NM_020361	ENSG00000165078	CPA6
NM_178445	NM_178445	ENSG00000129048	ACKR4
NM_014753	NM_014753	ENSG00000165733	BMS1
NM_199203	NM_199203	ENSG00000124208	PEDS1-UBE2V1
NM_080879	NM_080879	ENSG00000172476	RAB40A
NM_144689	NM_144689	ENSG00000197050	ZNF420
NM_007235	NM_007235	ENSG00000184575	XPOT
NM_005119	NM_005119	ENSG00000054118	THRAP3
NM_005789	NM_005789	ENSG00000131467	PSME3
NM_177457	NM_177457	ENSG00000180155	LYNX1
NM_138575	NM_138575	ENSG00000247077	PGAM5
NM_002897	NM_002897	ENSG00000153250	RBMS1
NM_017923	NM_017923	ENSG00000145416	MARCHF1
NM_018955	NM_018955	ENSG00000170315	UBB
NM_004645	NM_004645	ENSG00000121058	COIL
NM_138287	NM_138287	ENSG00000163840	DTX3L
NM_002025	NM_002025	ENSG00000155966	AFF2
NM_001008895	NM_001008895	ENSG00000139842	CUL4A
NM_013333	NM_013333	ENSG00000063245	EPN1
NM_006228	NM_006228	ENSG00000168081	PNOC
NM_005587	NM_005587	ENSG00000068305	MEF2A
NM_024895	NM_024895	ENSG00000186862	PDZD7
NM_020144	NM_020144	ENSG00000218823	PAPOLB
NM_002159	NM_002159	ENSG00000126550	HTN1
NM_003793	NM_003793	ENSG00000174080	CTSF
NM_014903	NM_014903	ENSG00000067798	NAV3
NM_015393	NM_015393	ENSG00000169116	PARM1
NM_139165	NM_139165	ENSG00000164520	RAET1E
NM_004725	NM_004725	ENSG00000154473	BUB3
NM_175575	NM_175575	ENSG00000173714	WFIKKN2
NM_018294	NM_018294	ENSG00000095485	CWF19L1
NM_030799	NM_030799	ENSG00000145817	YIPF5
NM_020789	NM_020789	ENSG00000085552	IGSF9
NM_025257	NM_025257	ENSG00000204385	SLC44A4
NM_152271	NM_152271	ENSG00000154359	LONRF1
NM_006500	NM_006500	ENSG00000076706	MCAM
NM_018956	NM_018956	ENSG00000165698	SPACA9
NM_003104	NM_003104	ENSG00000140263	SORD
NM_006013	NM_006013	ENSG00000147403	RPL10
NM_017539	NM_017539	ENSG00000158486	DNAH3
NM_001004023	NM_001004023	ENSG00000143479	DYRK3
NM_007056	NM_007056	ENSG00000104859	CLASRP
NM_005656	NM_005656	ENSG00000184012	TMPRSS2
NM_013326	NM_013326	ENSG00000141452	RMC1
NM_145315	NM_145315	ENSG00000135537	AFG1L
NM_001080457	NM_001080457	ENSG00000131409	LRRC4B
NM_018682	NM_018682	ENSG00000005483	KMT2E
NM_018337	NM_018337	ENSG00000167685	ZNF444
NM_152779	NM_152779	ENSG00000173401	GLIPR1L1
NM_003891	NM_003891	ENSG00000126231	PROZ
NM_007203	NM_007203	ENSG00000157654	PALM2AKAP2
NM_001008530	NM_001008530	ENSG00000100600	LGMN
NM_001007563	NM_001007563	ENSG00000137142	IGFBPL1
NM_031460	NM_031460	ENSG00000124780	KCNK17
NM_005248	NM_005248	ENSG00000000938	FGR
NM_000272	NM_000272	ENSG00000144061	NPHP1
NM_023073	NM_023073	ENSG00000197603	CPLANE1
NM_004466	NM_004466	ENSG00000179399	GPC5
NM_002479	NM_002479	ENSG00000122180	MYOG
NM_032521	NM_032521	ENSG00000124171	PARD6B
NM_138456	NM_138456	ENSG00000168062	BATF2
NM_003938	NM_003938	ENSG00000065000	AP3D1
NM_000489	NM_000489	ENSG00000085224	ATRX
NM_001892	NM_001892	ENSG00000113712	CSNK1A1
NM_005039	NM_005039	ENSG00000251655	PRB1
NM_024621	NM_024621	ENSG00000197415	VEPH1
NM_021242	NM_021242	ENSG00000165175	MID1IP1
NM_021149	NM_021149	ENSG00000103187	COTL1
NM_001018108	NM_001018108	ENSG00000140264	SERF2
NM_016429	NM_016429	ENSG00000005243	COPZ2
NM_012452	NM_012452	ENSG00000240505	TNFRSF13B
NM_001011713	NM_001011713	ENSG00000139977	NAA30
NM_024032	NM_024032	ENSG00000125319	HROB
NM_020367	NM_020367	ENSG00000111224	PARP11
NM_152744	NM_152744	ENSG00000146555	SDK1
NM_138701	NM_138701	ENSG00000168303	MPLKIP
NM_006219	NM_006219	ENSG00000051382	PIK3CB
NM_017815	NM_017815	ENSG00000092036	HAUS4
NM_016004	NM_016004	ENSG00000101052	IFT52
NM_021818	NM_021818	ENSG00000151748	SAV1
NM_002699	NM_002699	ENSG00000185668	POU3F1
NM_004716	NM_004716	ENSG00000160613	PCSK7
NM_033394	NM_033394	ENSG00000115183	TANC1
NM_152898	NM_152898	ENSG00000146618	FERD3L
NM_004309	NM_004309	ENSG00000141522	ARHGDIA
NM_032941	NM_032941	ENSG00000004700	RECQL
NM_033341	NM_033341	ENSG00000163098	BIRC8
NM_002809	NM_002809	ENSG00000108344	PSMD3
NM_016086	NM_016086	ENSG00000127952	STYXL1
NM_022481	NM_022481	ENSG00000120318	ARAP3
NM_016155	NM_016155	ENSG00000198598	MMP17
NM_016320	NM_016320	ENSG00000110713	NUP98
NM_024325	NM_024325	ENSG00000088876	ZNF343
NR_002734	NR_002734	ENSG00000213005	PTTG3P
NM_172373	NM_172373	ENSG00000120690	ELF1
NM_000539	NM_000539	ENSG00000163914	RHO
NM_138966	NM_138966	ENSG00000166342	NETO1
NM_176870	NM_176870	ENSG00000205364	MT1M
NM_006601	NM_006601	ENSG00000110958	PTGES3
NM_006411	NM_006411	ENSG00000204310	AGPAT1
NM_012259	NM_012259	ENSG00000135547	HEY2
NM_148896	NM_148896	ENSG00000183979	NPB
NM_014574	NM_014574	ENSG00000196792	STRN3
NM_015718	NM_015718	ENSG00000074771	NOX3
NM_006569	NM_006569	ENSG00000138028	CGREF1
NM_024839	NM_024839	ENSG00000241370	RPP21
NM_005636	NM_005636	ENSG00000268009	SSX4
NM_194252	NM_194252	ENSG00000175764	TTLL11
NM_144568	NM_144568	ENSG00000165782	PIP4P1
NM_016523	NM_016523	ENSG00000150045	KLRF1
NM_052873	NM_052873	ENSG00000119650	IFT43
NM_003932	NM_003932	ENSG00000100380	ST13
NM_019892	NM_019892	ENSG00000148384	INPP5E
NM_004290	NM_004290	ENSG00000013561	RNF14
NM_032251	NM_032251	ENSG00000168071	CCDC88B
NM_015698	NM_015698	ENSG00000068394	GPKOW
NM_007139	NM_007139	ENSG00000146757	ZNF92
NM_032378	NM_032378	ENSG00000104529	EEF1D
NM_001147	NM_001147	ENSG00000091879	ANGPT2
NM_001077693	NM_001077693	ENSG00000249751	ECSCR
NM_004866	NM_004866	ENSG00000085365	SCAMP1
NM_152446	NM_152446	ENSG00000100629	CEP128
NM_145913	NM_145913	ENSG00000256870	SLC5A8
NM_005555	NM_005555	ENSG00000185479	KRT6B
NM_006916	NM_006916	ENSG00000197713	RPE
NM_014500	NM_014500	ENSG00000102241	HTATSF1
NM_012413	NM_012413	ENSG00000115828	QPCT
NM_152663	NM_152663	ENSG00000116191	RALGPS2
NM_003165	NM_003165	ENSG00000136854	STXBP1
NM_152729	NM_152729	ENSG00000178425	NT5DC1
NM_006334	NM_006334	ENSG00000130558	OLFM1
NM_002806	NM_002806	ENSG00000100519	PSMC6
NM_198540	NM_198540	ENSG00000177191	B3GNT8
NM_019043	NM_019043	ENSG00000077420	APBB1IP
NM_014797	NM_014797	ENSG00000112365	ZBTB24
NM_024933	NM_024933	ENSG00000144031	ANKRD53
NM_017643	NM_017643	ENSG00000011258	MBTD1
NR_001590	NR_001590	ENSG00000235821	IFITM4P
NM_014203	NM_014203	ENSG00000196961	AP2A1
NM_178568	NM_178568	ENSG00000185924	RTN4RL1
NM_018245	NM_018245	ENSG00000197444	OGDHL
NM_012087	NM_012087	ENSG00000148308	GTF3C5
NM_000725	NM_000725	ENSG00000167535	CACNB3
NM_006869	NM_006869	ENSG00000105963	ADAP1
NM_004770	NM_004770	ENSG00000182674	KCNB2
NM_175623	NM_175623	ENSG00000127328	RAB3IP
NM_001005861	NM_001005861	ENSG00000163785	RYK
NM_006751	NM_006751	ENSG00000138434	ITPRID2
NM_183419	NM_183419	ENSG00000034677	RNF19A
NM_004457	NM_004457	ENSG00000123983	ACSL3
NM_017578	NM_017578	ENSG00000065371	ROPN1
NM_183001	NM_183001	ENSG00000160691	SHC1
NM_001080522	NM_001080522	ENSG00000048342	CC2D2A
NM_152597	NM_152597	ENSG00000150667	FSIP1
NM_021914	NM_021914	ENSG00000165410	CFL2
NM_145651	NM_145651	ENSG00000188076	SCGB1C1
NM_139247	NM_139247	ENSG00000129467	ADCY4
NM_176871	NM_176871	ENSG00000120913	PDLIM2
NM_005742	NM_005742	ENSG00000143870	PDIA6
NM_201630	NM_201630	ENSG00000170382	LRRN2
NM_152358	NM_152358	ENSG00000161652	IZUMO2
NM_020116	NM_020116	ENSG00000168843	FSTL5
NM_032307	NM_032307	ENSG00000165118	C9orf64
NM_203391	NM_203391	ENSG00000198814	GK
NM_021170	NM_021170	ENSG00000188290	HES4
NM_020704	NM_020704	ENSG00000128578	STRIP2
NM_021175	NM_021175	ENSG00000105697	HAMP
NR_001589	NR_001589	NA	HBBP1
NM_024755	NM_024755	ENSG00000137776	SLTM
NM_182507	NM_182507	ENSG00000167767	KRT80
NM_022130	NM_022130	ENSG00000113384	GOLPH3
NM_138795	NM_138795	ENSG00000143862	ARL8A
NM_004731	NM_004731	ENSG00000118596	SLC16A7
NM_014262	NM_014262	ENSG00000110811	P3H3
NM_013345	NM_013345	ENSG00000183484	GPR132
NM_018695	NM_018695	ENSG00000112851	ERBIN
NM_194281	NM_194281	ENSG00000153391	INO80C
NM_014992	NM_014992	ENSG00000100592	DAAM1
NM_020314	NM_020314	ENSG00000103544	VPS35L
NM_153757	NM_153757	ENSG00000177432	NAP1L5
NM_054111	NM_054111	ENSG00000161896	IP6K3
NM_014406	NM_014406	ENSG00000198445	CCT8L2
NM_006012	NM_006012	ENSG00000125656	CLPP
NM_015231	NM_015231	ENSG00000030066	NUP160
NM_031449	NM_031449	ENSG00000122515	ZMIZ2
NM_001040429	NM_001040429	ENSG00000118946	PCDH17
NM_002973	NM_002973	ENSG00000204842	ATXN2
NM_004844	NM_004844	ENSG00000131370	SH3BP5
NM_018344	NM_018344	ENSG00000198246	SLC29A3
NM_173558	NM_173558	ENSG00000146192	FGD2
NM_021808	NM_021808	ENSG00000182870	GALNT9
NM_000319	NM_000319	ENSG00000139197	PEX5
NM_173554	NM_173554	ENSG00000183346	CABCOCO1
NM_017631	NM_017631	ENSG00000137628	DDX60
NM_172027	NM_172027	ENSG00000114626	ABTB1
NM_031297	NM_031297	ENSG00000212864	RNF208
NM_016504	NM_016504	ENSG00000108826	MRPL27
NM_015317	NM_015317	ENSG00000055917	PUM2
NM_020954	NM_020954	ENSG00000173821	RNF213
NM_022828	NM_022828	ENSG00000047188	YTHDC2
NM_005415	NM_005415	ENSG00000144136	SLC20A1
NM_005264	NM_005264	ENSG00000151892	GFRA1
NM_148674	NM_148674	ENSG00000077935	SMC1B
NM_080626	NM_080626	ENSG00000184992	BRI3BP
NM_000336	NM_000336	ENSG00000168447	SCNN1B
NM_021706	NM_021706	ENSG00000167613	LAIR1
NM_145653	NM_145653	NA	ELOA3P
NM_004529	NM_004529	ENSG00000171843	MLLT3
NM_015160	NM_015160	ENSG00000165688	PMPCA
NM_005902	NM_005902	ENSG00000166949	SMAD3
NM_152554	NM_152554	ENSG00000164385	LINC01600
NM_000148	NM_000148	ENSG00000174951	FUT1
NM_173215	NM_173215	ENSG00000102908	NFAT5
NM_016116	NM_016116	ENSG00000005981	ASB4
NM_018203	NM_018203	ENSG00000162873	KLHDC8A
NM_198686	NM_198686	ENSG00000139998	RAB15
NM_054023	NM_054023	ENSG00000164265	SCGB3A2
NM_012262	NM_012262	ENSG00000153936	HS2ST1
NM_003106	NM_003106	ENSG00000181449	SOX2
NM_004145	NM_004145	ENSG00000099331	MYO9B
NM_024894	NM_024894	ENSG00000115761	NOL10
NM_032295	NM_032295	ENSG00000157800	SLC37A3
NM_144978	NM_144978	ENSG00000163006	CCDC138
NM_181879	NM_181879	ENSG00000187116	LILRA5
NM_173573	NM_173573	ENSG00000185522	LMNTD2
NM_003466	NM_003466	ENSG00000125618	PAX8
NM_033223	NM_033223	ENSG00000182256	GABRG3
NM_007076	NM_007076	ENSG00000198855	FICD
NM_021232	NM_021232	ENSG00000250799	PRODH2
NM_152342	NM_152342	ENSG00000166446	CDYL2
NM_004136	NM_004136	ENSG00000136381	IREB2
NM_024611	NM_024611	ENSG00000128915	ICE2
NM_032305	NM_032305	ENSG00000121851	POLR3GL
NM_016180	NM_016180	ENSG00000164175	SLC45A2
NM_002597	NM_002597	ENSG00000116703	PDC
NM_182983	NM_182983	ENSG00000105707	HPN
NM_015864	NM_015864	ENSG00000111913	RIPOR2
NM_001441	NM_001441	ENSG00000117480	FAAH
NM_001006634	NM_001006634	ENSG00000140750	ARHGAP17
NM_022061	NM_022061	ENSG00000158042	MRPL17
NM_194439	NM_194439	ENSG00000178222	RNF212
NM_002802	NM_002802	ENSG00000100764	PSMC1
NR_003663	NR_003663	NA	FUNDC2P2
NM_016824	NM_016824	ENSG00000148700	ADD3
NM_005084	NM_005084	ENSG00000146070	PLA2G7
NM_003131	NM_003131	ENSG00000112658	SRF
NM_052911	NM_052911	ENSG00000141446	ESCO1
NM_001011553	NM_001011553	ENSG00000122545	SEPTIN7
NM_024700	NM_024700	ENSG00000163877	SNIP1
NM_003525	NM_003525	ENSG00000278588	H2BC10
NM_000199	NM_000199	ENSG00000181523	SGSH
NM_145185	NM_145185	ENSG00000076984	MAP2K7
NM_130468	NM_130468	ENSG00000169105	CHST14
NM_022760	NM_022760	ENSG00000132635	PCED1A
NM_199124	NM_199124	ENSG00000109944	JHY
NM_139211	NM_139211	ENSG00000171476	HOPX
NM_014812	NM_014812	ENSG00000143702	CEP170
NM_198539	NM_198539	ENSG00000198453	ZNF568
NR_002791	NR_002791	ENSG00000229847	EMX2OS
NM_024012	NM_024012	ENSG00000157219	HTR5A
NM_001001560	NM_001001560	ENSG00000100083	GGA1
NM_012403	NM_012403	ENSG00000248546	ANP32C
NM_001114	NM_001114	ENSG00000121281	ADCY7
NM_006040	NM_006040	ENSG00000182601	HS3ST4
NM_018946	NM_018946	ENSG00000095380	NANS
NM_197975	NM_197975	ENSG00000168903	BTNL3
NM_015330	NM_015330	ENSG00000100014	SPECC1L
NM_001070	NM_001070	ENSG00000131462	TUBG1
NM_017769	NM_017769	ENSG00000092140	G2E3
NM_006372	NM_006372	ENSG00000135316	SYNCRIP
NM_005480	NM_005480	ENSG00000135451	TROAP
NM_016196	NM_016196	ENSG00000122965	RBM19
NM_022362	NM_022362	ENSG00000155229	MMS19
NM_022444	NM_022444	ENSG00000081800	SLC13A1
NM_001014	NM_001014	ENSG00000124614	RPS10
NM_000997	NM_000997	ENSG00000145592	RPL37
NM_153353	NM_153353	ENSG00000171757	LRRC34
NM_198390	NM_198390	ENSG00000153815	CMIP
NM_144505	NM_144505	ENSG00000129455	KLK8
NM_003107	NM_003107	ENSG00000124766	SOX4
NM_000432	NM_000432	ENSG00000111245	MYL2
NM_020922	NM_020922	ENSG00000196632	WNK3
NM_033271	NM_033271	ENSG00000184887	BTBD6
NM_005425	NM_005425	ENSG00000178279	TNP2
NR_003062	NR_003062	NA	SPRR2C
NM_015481	NM_015481	ENSG00000161642	ZNF385A
NM_001001920	NM_001001920	ENSG00000181939	OR4C15
NM_022970	NM_022970	ENSG00000066468	FGFR2
NM_004878	NM_004878	ENSG00000148344	PTGES
NM_000594	NM_000594	ENSG00000232810	TNF
NM_002467	NM_002467	ENSG00000136997	MYC
NM_031488	NM_031488	ENSG00000100395	L3MBTL2
NM_201566	NM_201566	ENSG00000174327	SLC16A13
NM_033129	NM_033129	ENSG00000215397	SCRT2
NM_182496	NM_182496	ENSG00000165972	CCDC38
NM_002100	NM_002100	ENSG00000250361	GYPB
NM_138810	NM_138810	ENSG00000164691	TAGAP
NM_015576	NM_015576	ENSG00000187672	ERC2
NM_002701	NM_002701	ENSG00000204531	POU5F1
NM_052960	NM_052960	ENSG00000162444	RBP7
NM_182575	NM_182575	ENSG00000182264	IZUMO1
NM_004380	NM_004380	ENSG00000005339	CREBBP
NM_182625	NM_182625	ENSG00000178295	GEN1
NM_199441	NM_199441	ENSG00000198185	ZNF334
NM_006037	NM_006037	ENSG00000068024	HDAC4
NM_139158	NM_139158	ENSG00000138395	CDK15
NM_198494	NM_198494	ENSG00000187815	ZFP69
NM_006114	NM_006114	ENSG00000130204	TOMM40
NM_001642	NM_001642	ENSG00000084234	APLP2
NM_014266	NM_014266	ENSG00000126264	HCST
NM_003333	NM_003333	ENSG00000221983	UBA52
NM_014772	NM_014772	ENSG00000134030	CTIF
NM_020747	NM_020747	ENSG00000168916	ZNF608
NM_000715	NM_000715	ENSG00000123838	C4BPA
NM_001440	NM_001440	ENSG00000012232	EXTL3
NM_017799	NM_017799	ENSG00000070269	TMEM260
NM_030785	NM_030785	ENSG00000104941	RSPH6A
NM_024989	NM_024989	ENSG00000197121	PGAP1
NM_033632	NM_033632	ENSG00000109670	FBXW7
NM_006805	NM_006805	ENSG00000177733	HNRNPA0
NM_203390	NM_203390	ENSG00000183808	RBM12B
NM_012248	NM_012248	ENSG00000179918	SEPHS2
NM_020634	NM_020634	ENSG00000184344	GDF3
NM_152278	NM_152278	ENSG00000182916	TCEAL7
NM_005180	NM_005180	ENSG00000168283	BMI1
NM_032325	NM_032325	ENSG00000175376	EIF1AD
NM_000972	NM_000972	ENSG00000148303	RPL7A
NM_001080495	NM_001080495	ENSG00000182095	TNRC18
NM_199177	NM_199177	ENSG00000148187	MRRF
NM_000288	NM_000288	ENSG00000112357	PEX7
NM_001276	NM_001276	ENSG00000133048	CHI3L1
NM_178013	NM_178013	ENSG00000175785	PRIMA1
NM_005005	NM_005005	ENSG00000147684	NDUFB9
NM_018441	NM_018441	ENSG00000115425	PECR
NM_006585	NM_006585	ENSG00000156261	CCT8
NM_138400	NM_138400	ENSG00000146909	NOM1
NM_001008491	NM_001008491	ENSG00000168385	SEPTIN2
NM_024411	NM_024411	ENSG00000101327	PDYN
NM_178505	NM_178505	ENSG00000196932	TMEM26
NM_004974	NM_004974	ENSG00000177301	KCNA2
NM_030935	NM_030935	ENSG00000166925	TSC22D4
NM_174918	NM_174918	ENSG00000183019	MCEMP1
NM_005867	NM_005867	ENSG00000184029	DSCR4
NM_052907	NM_052907	ENSG00000139364	TMEM132B
NM_015132	NM_015132	ENSG00000071189	SNX13
NM_000755	NM_000755	ENSG00000095321	CRAT
NM_000846	NM_000846	ENSG00000244067	GSTA2
NM_012243	NM_012243	ENSG00000117620	SLC35A3
NM_002613	NM_002613	ENSG00000140992	PDPK1
NM_018715	NM_018715	ENSG00000179051	RCC2
NM_015079	NM_015079	ENSG00000167202	TBC1D2B
NM_018961	NM_018961	ENSG00000160185	UBASH3A
NM_001018115	NM_001018115	ENSG00000144554	FANCD2
NM_025204	NM_025204	ENSG00000170638	TRABD
NM_004211	NM_004211	ENSG00000165970	SLC6A5
NM_144668	NM_144668	ENSG00000158023	CFAP251
NM_177478	NM_177478	ENSG00000181867	FTMT
NM_018197	NM_018197	ENSG00000020256	ZFP64
NM_031958	NM_031958	ENSG00000212901	KRTAP3-1
NM_002185	NM_002185	ENSG00000168685	IL7R
NM_033105	NM_033105	ENSG00000147570	DNAJC5B
NM_003089	NM_003089	ENSG00000104852	SNRNP70
NM_003993	NM_003993	ENSG00000176444	CLK2
NM_023018	NM_023018	ENSG00000008130	NADK
NM_001078171	NM_001078171	ENSG00000134590	RTL8C
NM_002182	NM_002182	ENSG00000196083	IL1RAP
NM_014616	NM_014616	ENSG00000058063	ATP11B
NM_170693	NM_170693	ENSG00000101049	SGK2
NM_173179	NM_173179	ENSG00000080189	SLC35C2
NM_002247	NM_002247	ENSG00000156113	KCNMA1
NM_001005241	NM_001005241	ENSG00000183706	OR4N4
NM_018157	NM_018157	ENSG00000111785	RIC8B
NM_022371	NM_022371	ENSG00000186283	TOR3A
NM_144705	NM_144705	ENSG00000163060	TEKT4
NM_020152	NM_020152	ENSG00000156265	MAP3K7CL
NM_153040	NM_153040	ENSG00000183643	C15orf32
NM_001080510	NM_001080510	ENSG00000181038	METTL23
NM_015154	NM_015154	ENSG00000117899	MESD
NM_001080418	NM_001080418	ENSG00000116544	DLGAP3
NM_006864	NM_006864	ENSG00000204577	LILRB3
NM_006675	NM_006675	ENSG00000011105	TSPAN9
NM_014584	NM_014584	ENSG00000197930	ERO1A
NM_022737	NM_022737	ENSG00000105520	PLPPR2
NM_012473	NM_012473	ENSG00000100348	TXN2
NM_022129	NM_022129	ENSG00000108187	PBLD
NR_001539	NR_001539	ENSG00000224075	TTTY22
NM_152772	NM_152772	ENSG00000166046	TCP11L2
NM_182521	NM_182521	ENSG00000163012	ZSWIM2
NM_003291	NM_003291	ENSG00000134900	TPP2
NM_032788	NM_032788	ENSG00000144026	ZNF514
NM_006148	NM_006148	ENSG00000002834	LASP1
NM_006480	NM_006480	ENSG00000169220	RGS14
NM_170589	NM_170589	ENSG00000137812	KNL1
NM_019007	NM_019007	ENSG00000198960	ARMCX6
NM_032790	NM_032790	ENSG00000276045	ORAI1
NM_014729	NM_014729	ENSG00000198846	TOX
NM_012214	NM_012214	ENSG00000071073	MGAT4A
NM_003679	NM_003679	ENSG00000117009	KMO
NM_015415	NM_015415	ENSG00000143158	MPC2
NM_139155	NM_139155	ENSG00000138316	ADAMTS14
NM_003934	NM_003934	ENSG00000107164	FUBP3
NM_030783	NM_030783	ENSG00000174915	PTDSS2
NM_023925	NM_023925	ENSG00000110888	CAPRIN2
NM_133374	NM_133374	ENSG00000157657	ZNF618
NM_139004	NM_139004	ENSG00000010704	HFE
NM_207333	NM_207333	ENSG00000182986	ZNF320
NM_080792	NM_080792	ENSG00000198053	SIRPA
NM_006085	NM_006085	ENSG00000162813	BPNT1
NM_172139	NM_172139	ENSG00000197110	IFNL3
NM_014079	NM_014079	ENSG00000163884	KLF15
NM_025134	NM_025134	ENSG00000177200	CHD9
NM_152494	NM_152494	ENSG00000163357	DCST1
NM_017581	NM_017581	ENSG00000174343	CHRNA9
NM_174981	NM_174981	ENSG00000166351	POTED
NM_032508	NM_032508	ENSG00000269556	TMEM185A
NM_001505	NM_001505	ENSG00000164850	GPER1
NM_001005189	NM_001005189	ENSG00000197532	OR6Y1
NM_002374	NM_002374	ENSG00000078018	MAP2
NM_032338	NM_032338	ENSG00000139233	LLPH
NM_003724	NM_003724	ENSG00000234616	JRK
NM_199188	NM_199188	ENSG00000161813	LARP4
NM_005510	NM_005510	ENSG00000204348	DXO
NM_004218	NM_004218	ENSG00000185236	RAB11B
NM_014182	NM_014182	ENSG00000123353	ORMDL2
NM_187841	NM_187841	ENSG00000138100	TRIM54
NM_024676	NM_024676	ENSG00000214193	SH3D21
NM_004883	NM_004883	ENSG00000158458	NRG2
NM_002718	NM_002718	ENSG00000073711	PPP2R3A
NM_000121	NM_000121	ENSG00000187266	EPOR
NM_014235	NM_014235	ENSG00000102178	UBL4A
NM_006937	NM_006937	ENSG00000188612	SUMO2
NM_017410	NM_017410	ENSG00000123364	HOXC13
NM_024565	NM_024565	ENSG00000135083	CCNJL
NM_022553	NM_022553	ENSG00000223501	VPS52
NM_033138	NM_033138	ENSG00000122786	CALD1
NM_024653	NM_024653	ENSG00000128563	PRKRIP1
NM_006545	NM_006545	ENSG00000114388	NPRL2
NM_002757	NM_002757	ENSG00000137764	MAP2K5
NM_138689	NM_138689	ENSG00000173457	PPP1R14B
NM_182896	NM_182896	ENSG00000169379	ARL13B
NM_003738	NM_003738	ENSG00000117425	PTCH2
NM_021999	NM_021999	ENSG00000136156	ITM2B
NM_005194	NM_005194	ENSG00000172216	CEBPB
NM_001010919	NM_001010919	ENSG00000188820	CALHM6
NM_007096	NM_007096	ENSG00000122705	CLTA
NM_032346	NM_032346	ENSG00000126249	PDCD2L
NM_007283	NM_007283	ENSG00000074416	MGLL
NM_000174	NM_000174	ENSG00000169704	GP9
NM_152376	NM_152376	ENSG00000162543	UBXN10
NM_152581	NM_152581	ENSG00000130150	MOSPD2
NM_021943	NM_021943	ENSG00000156639	ZFAND3
NM_020408	NM_020408	ENSG00000214113	LYRM4
NM_003636	NM_003636	ENSG00000069424	KCNAB2
NM_033224	NM_033224	ENSG00000146676	PURB
NM_024896	NM_024896	ENSG00000099219	ERMP1
NM_173628	NM_173628	ENSG00000187775	DNAH17
NM_004412	NM_004412	ENSG00000107614	TRDMT1
NM_001335	NM_001335	ENSG00000172543	CTSW
NM_152617	NM_152617	ENSG00000163961	RNF168
NM_005937	NM_005937	ENSG00000275023	MLLT6
NM_020860	NM_020860	ENSG00000109689	STIM2
NM_003496	NM_003496	ENSG00000196367	TRRAP
NM_025237	NM_025237	ENSG00000167941	SOST
NM_152703	NM_152703	ENSG00000177409	SAMD9L
NM_152647	NM_152647	ENSG00000166262	FAM227B
NM_174855	NM_174855	ENSG00000101365	IDH3B
NM_003985	NM_003985	ENSG00000174292	TNK1
NM_013266	NM_013266	ENSG00000183230	CTNNA3
NM_022780	NM_022780	ENSG00000153561	RMND5A
NM_152482	NM_152482	ENSG00000119559	C19orf25
NM_006650	NM_006650	ENSG00000145920	CPLX2
NM_014143	NM_014143	ENSG00000120217	CD274
NM_152908	NM_152908	ENSG00000180638	SLC47A2
NM_005348	NM_005348	ENSG00000080824	HSP90AA1
NM_006654	NM_006654	ENSG00000166225	FRS2
NM_017779	NM_017779	ENSG00000024526	DEPDC1
NM_014803	NM_014803	ENSG00000177853	ZNF518A
NM_000037	NM_000037	ENSG00000029534	ANK1
NM_206890	NM_206890	ENSG00000160305	DIP2A
NM_021240	NM_021240	ENSG00000064218	DMRT3
NM_002291	NM_002291	ENSG00000091136	LAMB1
NM_014733	NM_014733	ENSG00000039319	ZFYVE16
NM_004293	NM_004293	ENSG00000119125	GDA
NM_005551	NM_005551	ENSG00000167751	KLK2
NM_017548	NM_017548	ENSG00000091527	CDV3
NM_203447	NM_203447	ENSG00000107099	DOCK8
NM_005783	NM_005783	ENSG00000115514	TXNDC9
NM_148894	NM_148894	ENSG00000038219	BOD1L1
NM_001454	NM_001454	ENSG00000129654	FOXJ1
NM_004300	NM_004300	ENSG00000143727	ACP1
NM_178844	NM_178844	ENSG00000167984	NLRC3
